Timestamp,User Count,Type,Name,Requests/s,Failures/s,50%,66%,75%,80%,90%,95%,98%,99%,99.9%,99.99%,100%,Total Request Count,Total Failure Count,Total Median Response Time,Total Average Response Time,Total Min Response Time,Total Max Response Time,Total Average Content Size
1788457630,0,,Aggregated,0.000000,0.000000,N/A,N/A,N/A,N/A,N/A,N/A,N/A,N/A,N/A,N/A,N/A,0,0,0,0.0,0,0,0
1788457631,0,,Aggregated,0.000000,0.000000,N/A,N/A,N/A,N/A,N/A,N/A,N/A,N/A,N/A,N/A,N/A,0,0,0,0.0,0,0,0
1788457632,64,,Aggregated,0.000000,0.000000,N/A,N/A,N/A,N/A,N/A,N/A,N/A,N/A,N/A,N/A,N/A,0,0,0,0.0,0,0,0
1788457633,64,,Aggregated,0.000000,0.000000,N/A,N/A,N/A,N/A,N/A,N/A,N/A,N/A,N/A,N/A,N/A,0,0,0,0.0,0,0,0
1788457634,64,,Aggregated,0.000000,0.000000,N/A,N/A,N/A,N/A,N/A,N/A,N/A,N/A,N/A,N/A,N/A,0,0,0,0.0,0,0,0
1788457635,64,,Aggregated,0.000000,0.000000,N/A,N/A,N/A,N/A,N/A,N/A,N/A,N/A,N/A,N/A,N/A,0,0,0,0.0,0,0,0
1788457636,64,,Aggregated,0.000000,0.000000,N/A,N/A,N/A,N/A,N/A,N/A,N/A,N/A,N/A,N/A,N/A,0,0,0,0.0,0,0,0
1788457637,64,,Aggregated,0.000000,0.000000,N/A,N/A,N/A,N/A,N/A,N/A,N/A,N/A,N/A,N/A,N/A,0,0,0,0.0,0,0,0
1788457638,64,,Aggregated,0.000000,0.000000,N/A,N/A,N/A,N/A,N/A,N/A,N/A,N/A,N/A,N/A,N/A,0,0,0,0.0,0,0,0
1788457639,64,POST,/predict,0.000000,0.000000,0,0,0,0,0,0,0,0,0,0,0,32,0,7600,6412.955902249991,3.2267090000459575,7607.019041999592,92.84375
1788457639,64,,Aggregated,0.000000,0.000000,7600,7600,7600,7600,7600,7600,7600,7600,7600,7600,7600,32,0,7600,6412.955902249991,3.2267090000459575,7607.019041999592,92.84375
1788457640,64,POST,/predict,0.000000,0.000000,0,0,0,0,0,0,0,0,0,0,0,32,0,7600,6412.955902249991,3.2267090000459575,7607.019041999592,92.84375
1788457640,64,,Aggregated,0.000000,0.000000,7600,7600,7600,7600,7600,7600,7600,7600,7600,7600,7600,32,0,7600,6412.955902249991,3.2267090000459575,7607.019041999592,92.84375
1788457641,64,POST,/predict,0.000000,0.000000,7600,7600,7600,7600,7600,7600,7600,7600,7600,7600,7600,32,0,7600,6412.955902249991,3.2267090000459575,7607.019041999592,92.84375
1788457641,64,,Aggregated,0.000000,0.000000,7600,7600,7600,7600,7600,7600,7600,7600,7600,7600,7600,32,0,7600,6412.955902249991,3.2267090000459575,7607.019041999592,92.84375
1788457642,64,POST,/predict,3.555556,0.000000,1500,1700,1800,7600,8500,8500,8500,8500,8500,8500,8500,217,0,1500,2721.863356543756,1.4023329995325184,8498.754792,92.9447004608295
1788457642,64,,Aggregated,3.555556,0.000000,1500,1800,7600,7600,8500,8500,8500,8500,8500,8500,8500,217,0,1500,2721.863356543756,1.4023329995325184,8498.754792,92.9447004608295
1788457643,64,POST,/predict,3.555556,0.000000,1500,1700,1800,7600,8500,8500,8500,8500,8500,8500,8500,263,0,1500,2476.7458093954133,0.6040409998604446,8501.487958000325,93.01140684410646
1788457643,64,,Aggregated,3.555556,0.000000,1500,1700,1800,7600,8500,8500,8500,8500,8500,8500,8500,263,0,1500,2476.7458093954133,0.6040409998604446,8501.487958000325,93.01140684410646
1788457644,64,POST,/predict,3.555556,0.000000,1500,1700,1800,7600,8500,8500,8500,8500,8500,8500,8500,263,0,1500,2476.7458093954133,0.6040409998604446,8501.487958000325,93.01140684410646
1788457644,64,,Aggregated,3.555556,0.000000,1500,1700,1800,7600,8500,8500,8500,8500,8500,8500,8500,263,0,1500,2476.7458093954133,0.6040409998604446,8501.487958000325,93.01140684410646
1788457645,64,POST,/predict,21.600000,0.000000,1500,1700,1800,1900,7600,8500,8500,8500,8500,8500,8500,428,0,1500,1853.0918807453068,0.6040409998604446,8501.487958000325,93.01869158878505
1788457645,64,,Aggregated,21.600000,0.000000,1500,1700,1800,2000,7600,8500,8500,8500,8500,8500,8500,428,0,1500,1853.0918807453068,0.6040409998604446,8501.487958000325,93.01869158878505
1788457646,64,POST,/predict,21.600000,0.000000,1500,1700,1800,1900,7600,8500,8500,8500,8500,8500,8500,428,0,1500,1853.0918807453068,0.6040409998604446,8501.487958000325,93.01869158878505
1788457646,64,,Aggregated,21.600000,0.000000,1500,1700,1800,1900,7600,8500,8500,8500,8500,8500,8500,428,0,1500,1853.0918807453068,0.6040409998604446,8501.487958000325,93.01869158878505
1788457647,64,POST,/predict,21.600000,0.000000,1500,1700,1800,1900,7600,8500,8500,8500,8500,8500,8500,428,0,1500,1853.0918807453068,0.6040409998604446,8501.487958000325,93.01869158878505
1788457647,64,,Aggregated,21.600000,0.000000,1500,1700,1800,1900,7600,8500,8500,8500,8500,8500,8500,428,0,1500,1853.0918807453068,0.6040409998604446,8501.487958000325,93.01869158878505
1788457648,64,POST,/predict,50.200000,0.000000,1400,1700,1700,1800,2200,8400,8500,8500,8500,8500,8500,678,0,1400,1497.7292219262458,0.6040409998604446,8501.487958000325,93.09292035398231
1788457648,64,,Aggregated,50.200000,0.000000,1400,1700,1700,1800,2200,8400,8500,8500,8500,8500,8500,678,0,1400,1497.7292219262458,0.6040409998604446,8501.487958000325,93.09292035398231
1788457649,64,POST,/predict,50.200000,0.000000,1400,1700,1700,1800,2200,8400,8500,8500,8500,8500,8500,678,0,1400,1497.7292219262458,0.6040409998604446,8501.487958000325,93.09292035398231
1788457649,64,,Aggregated,50.200000,0.000000,1400,1700,1700,1800,2200,8400,8500,8500,8500,8500,8500,678,0,1400,1497.7292219262458,0.6040409998604446,8501.487958000325,93.09292035398231
1788457650,64,POST,/predict,50.200000,0.000000,1400,1700,1700,1800,2200,8400,8500,8500,8500,8500,8500,678,0,1400,1497.7292219262458,0.6040409998604446,8501.487958000325,93.09292035398231
1788457650,64,,Aggregated,50.200000,0.000000,1400,1700,1700,1800,2200,8400,8500,8500,8500,8500,8500,678,0,1400,1497.7292219262458,0.6040409998604446,8501.487958000325,93.09292035398231
1788457651,64,POST,/predict,67.800000,0.000000,1400,1700,1800,1800,2200,2500,8500,8500,8500,8500,8500,865,0,1400,1416.4064757271663,0.6040409998604446,8501.487958000325,93.08439306358382
1788457651,64,,Aggregated,67.800000,0.000000,1400,1700,1800,1800,2200,2500,8500,8500,8500,8500,8500,865,0,1400,1416.4064757271663,0.6040409998604446,8501.487958000325,93.08439306358382
1788457652,64,POST,/predict,67.800000,0.000000,1400,1700,1800,1800,2200,2500,8500,8500,8500,8500,8500,865,0,1400,1416.4064757271663,0.6040409998604446,8501.487958000325,93.08439306358382
1788457652,64,,Aggregated,67.800000,0.000000,1400,1700,1800,1800,2200,2500,8500,8500,8500,8500,8500,865,0,1400,1416.4064757271663,0.6040409998604446,8501.487958000325,93.08439306358382
1788457653,64,POST,/predict,67.800000,0.000000,1400,1700,1800,1800,2200,2500,8500,8500,8500,8500,8500,865,0,1400,1416.4064757271663,0.6040409998604446,8501.487958000325,93.08439306358382
1788457653,64,,Aggregated,67.800000,0.000000,1400,1700,1800,1800,2200,2500,8500,8500,8500,8500,8500,865,0,1400,1416.4064757271663,0.6040409998604446,8501.487958000325,93.08439306358382
1788457654,64,POST,/predict,65.900000,0.000000,1400,1700,1900,2100,2500,2900,3200,3200,3200,3200,3200,1004,0,1400,1413.7123054511917,0.6040409998604446,8501.487958000325,93.06374501992032
1788457654,64,,Aggregated,65.900000,0.000000,1400,1700,1900,2100,2500,2900,3200,3200,3200,3200,3200,1004,0,1400,1413.7123054511917,0.6040409998604446,8501.487958000325,93.06374501992032
1788457655,64,POST,/predict,65.900000,0.000000,1400,1700,1900,2100,2500,2900,3200,3200,3200,3200,3200,1004,0,1400,1413.7123054511917,0.6040409998604446,8501.487958000325,93.06374501992032
1788457655,64,,Aggregated,65.900000,0.000000,1400,1700,1900,2100,2500,2900,3200,3200,3200,3200,3200,1004,0,1400,1413.7123054511917,0.6040409998604446,8501.487958000325,93.06374501992032
1788457656,64,POST,/predict,65.900000,0.000000,1400,1700,1900,2100,2500,2900,3200,3200,3200,3200,3200,1004,0,1400,1413.7123054511917,0.6040409998604446,8501.487958000325,93.06374501992032
1788457656,64,,Aggregated,65.900000,0.000000,1400,1700,1900,2100,2500,2900,3200,3200,3200,3200,3200,1004,0,1400,1413.7123054511917,0.6040409998604446,8501.487958000325,93.06374501992032
1788457657,64,POST,/predict,57.600000,0.000000,1400,1800,2400,2500,2700,2900,3200,3200,3200,3200,3200,1121,0,1400,1412.879082590541,0.6040409998604446,8501.487958000325,93.05263157894737
1788457657,64,,Aggregated,57.600000,0.000000,1400,1800,2400,2500,2700,2900,3200,3200,3200,3200,3200,1121,0,1400,1412.879082590541,0.6040409998604446,8501.487958000325,93.05263157894737
1788457658,64,POST,/predict,57.600000,0.000000,1400,1800,2400,2500,2700,2900,3200,3200,3200,3200,3200,1121,0,1400,1412.879082590541,0.6040409998604446,8501.487958000325,93.05263157894737
1788457658,64,,Aggregated,57.600000,0.000000,1400,1800,2400,2500,2700,2900,3200,3200,3200,3200,3200,1121,0,1400,1412.879082590541,0.6040409998604446,8501.487958000325,93.05263157894737
1788457659,64,POST,/predict,57.600000,0.000000,1400,1800,2400,2500,2700,2900,3200,3200,3200,3200,3200,1121,0,1400,1412.879082590541,0.6040409998604446,8501.487958000325,93.05263157894737
1788457659,64,,Aggregated,57.600000,0.000000,1400,1800,2400,2500,2700,2900,3200,3200,3200,3200,3200,1121,0,1400,1412.879082590541,0.6040409998604446,8501.487958000325,93.05263157894737
1788457660,64,POST,/predict,55.400000,0.000000,1800,2500,2700,2800,3000,3200,3200,3200,3200,3200,3200,1175,0,1400,1417.933791139571,0.6040409998604446,8501.487958000325,93.04765957446808
1788457660,64,,Aggregated,55.400000,0.000000,1800,2500,2700,2800,3000,3200,3200,3200,3200,3200,3200,1175,0,1400,1417.933791139571,0.6040409998604446,8501.487958000325,93.04765957446808
1788457661,64,POST,/predict,55.400000,0.000000,1800,2500,2700,2800,3000,3200,3200,3200,3200,3200,3200,1175,0,1400,1417.933791139571,0.6040409998604446,8501.487958000325,93.04765957446808
1788457661,64,,Aggregated,55.400000,0.000000,1800,2500,2700,2800,3000,3200,3200,3200,3200,3200,3200,1175,0,1400,1417.933791139571,0.6040409998604446,8501.487958000325,93.04765957446808
1788457662,64,POST,/predict,55.400000,0.000000,1800,2500,2700,2800,3000,3200,3200,3200,3200,3200,3200,1175,0,1400,1417.933791139571,0.6040409998604446,8501.487958000325,93.04765957446808
1788457662,64,,Aggregated,55.400000,0.000000,1800,2500,2700,2800,3000,3200,3200,3200,3200,3200,3200,1175,0,1400,1417.933791139571,0.6040409998604446,8501.487958000325,93.04765957446808
1788457663,64,POST,/predict,39.000000,0.000000,87,2700,2900,3000,4600,4800,4800,4800,4800,4800,4800,1259,0,1400,1464.156862030973,0.6040409998604446,8501.487958000325,93.03574265289913
1788457663,64,,Aggregated,39.000000,0.000000,87,2700,2900,3000,4600,4800,4800,4800,4800,4800,4800,1259,0,1400,1464.156862030973,0.6040409998604446,8501.487958000325,93.03574265289913
1788457664,64,POST,/predict,39.000000,0.000000,87,2700,2900,3000,4600,4800,4800,4800,4800,4800,4800,1259,0,1400,1464.156862030973,0.6040409998604446,8501.487958000325,93.03574265289913
1788457664,64,,Aggregated,39.000000,0.000000,87,2700,2900,3000,4600,4800,4800,4800,4800,4800,4800,1259,0,1400,1464.156862030973,0.6040409998604446,8501.487958000325,93.03574265289913
1788457665,64,POST,/predict,39.000000,0.000000,87,2700,2900,3000,4600,4800,4800,4800,4800,4800,4800,1259,0,1400,1464.156862030973,0.6040409998604446,8501.487958000325,93.03574265289913
1788457665,64,,Aggregated,39.000000,0.000000,87,2700,2900,3000,4600,4800,4800,4800,4800,4800,4800,1259,0,1400,1464.156862030973,0.6040409998604446,8501.487958000325,93.03574265289913
1788457666,64,POST,/predict,37.800000,0.000000,99,3000,4000,4100,4800,5200,5200,5300,5300,5300,5300,1397,0,1400,1529.2512058281973,0.6040409998604446,8501.487958000325,93.02219040801718
1788457666,64,,Aggregated,37.800000,0.000000,99,3000,4000,4100,4800,5200,5200,5300,5300,5300,5300,1397,0,1400,1529.2512058281973,0.6040409998604446,8501.487958000325,93.02219040801718
1788457667,64,POST,/predict,37.800000,0.000000,99,3000,4000,4100,4800,5200,5200,5300,5300,5300,5300,1397,0,1400,1529.2512058281973,0.6040409998604446,8501.487958000325,93.02219040801718
1788457667,64,,Aggregated,37.800000,0.000000,99,3000,4000,4100,4800,5200,5200,5300,5300,5300,5300,1397,0,1400,1529.2512058281973,0.6040409998604446,8501.487958000325,93.02219040801718
1788457668,64,POST,/predict,37.800000,0.000000,97,4000,4200,4700,5100,5200,5200,5300,5300,5300,5300,1397,0,1400,1529.2512058281973,0.6040409998604446,8501.487958000325,93.02219040801718
1788457668,64,,Aggregated,37.800000,0.000000,97,4000,4200,4700,5100,5200,5200,5300,5300,5300,5300,1397,0,1400,1529.2512058281973,0.6040409998604446,8501.487958000325,93.02219040801718
1788457669,64,POST,/predict,26.100000,0.000000,99,4000,4300,4700,4800,5200,5200,5300,5300,5300,5300,1449,0,1400,1554.4496677577588,0.6040409998604446,8501.487958000325,93.02070393374741
1788457669,64,,Aggregated,26.100000,0.000000,99,4000,4300,4700,4800,5200,5200,5300,5300,5300,5300,1449,0,1400,1554.4496677577588,0.6040409998604446,8501.487958000325,93.02070393374741
1788457670,64,POST,/predict,26.100000,0.000000,99,4000,4300,4700,4800,5200,5200,5300,5300,5300,5300,1449,0,1400,1554.4496677577588,0.6040409998604446,8501.487958000325,93.02070393374741
1788457670,64,,Aggregated,26.100000,0.000000,99,4000,4300,4700,4800,5200,5200,5300,5300,5300,5300,1449,0,1400,1554.4496677577588,0.6040409998604446,8501.487958000325,93.02070393374741
1788457671,64,POST,/predict,26.100000,0.000000,95,4100,4300,4700,5200,5200,5200,5300,5300,5300,5300,1449,0,1400,1554.4496677577588,0.6040409998604446,8501.487958000325,93.02070393374741
1788457671,64,,Aggregated,26.100000,0.000000,95,4100,4300,4700,5200,5200,5200,5300,5300,5300,5300,1449,0,1400,1554.4496677577588,0.6040409998604446,8501.487958000325,93.02070393374741
1788457672,64,POST,/predict,27.400000,0.000000,110,4200,4800,4800,5200,5200,5200,5300,5300,5300,5300,1522,0,1400,1606.2530690696387,0.6040409998604446,8501.487958000325,93.00328515111696
1788457672,64,,Aggregated,27.400000,0.000000,110,4200,4800,4800,5200,5200,5200,5300,5300,5300,5300,1522,0,1400,1606.2530690696387,0.6040409998604446,8501.487958000325,93.00328515111696
1788457673,64,POST,/predict,27.400000,0.000000,110,4200,4800,4800,5200,5200,5200,5300,5300,5300,5300,1522,0,1400,1606.2530690696387,0.6040409998604446,8501.487958000325,93.00328515111696
1788457673,64,,Aggregated,27.400000,0.000000,110,4200,4800,4800,5200,5200,5200,5300,5300,5300,5300,1522,0,1400,1606.2530690696387,0.6040409998604446,8501.487958000325,93.00328515111696
1788457674,64,POST,/predict,27.400000,0.000000,110,4200,4800,4800,5200,5200,5200,5300,5300,5300,5300,1522,0,1400,1606.2530690696387,0.6040409998604446,8501.487958000325,93.00328515111696
1788457674,64,,Aggregated,27.400000,0.000000,110,4200,4800,4800,5200,5200,5200,5300,5300,5300,5300,1522,0,1400,1606.2530690696387,0.6040409998604446,8501.487958000325,93.00328515111696
1788457675,64,POST,/predict,27.400000,0.000000,4000,4300,5100,5200,5300,5300,5300,5300,5400,5400,5400,1568,0,1400,1651.0851431479525,0.6040409998604446,8501.487958000325,92.99553571428571
1788457675,64,,Aggregated,27.400000,0.000000,4000,4300,5100,5200,5300,5300,5300,5300,5400,5400,5400,1568,0,1400,1651.0851431479525,0.6040409998604446,8501.487958000325,92.99553571428571
1788457676,64,POST,/predict,27.400000,0.000000,4000,4300,5100,5200,5300,5300,5300,5300,5400,5400,5400,1568,0,1400,1651.0851431479525,0.6040409998604446,8501.487958000325,92.99553571428571
1788457676,64,,Aggregated,27.400000,0.000000,4000,4300,5100,5200,5300,5300,5300,5300,5400,5400,5400,1568,0,1400,1651.0851431479525,0.6040409998604446,8501.487958000325,92.99553571428571
1788457677,64,POST,/predict,27.400000,0.000000,4000,4300,5100,5200,5300,5300,5300,5300,5400,5400,5400,1568,0,1400,1651.0851431479525,0.6040409998604446,8501.487958000325,92.99553571428571
1788457677,64,,Aggregated,27.400000,0.000000,4000,4300,5100,5200,5300,5300,5300,5300,5400,5400,5400,1568,0,1400,1651.0851431479525,0.6040409998604446,8501.487958000325,92.99553571428571
1788457678,64,POST,/predict,26.600000,0.000000,4200,5100,5200,5300,5300,5300,5400,5400,5400,5400,5400,1641,0,1400,1696.9162184631252,0.6040409998604446,8501.487958000325,92.98415600243754
1788457678,64,,Aggregated,26.600000,0.000000,4200,5100,5200,5300,5300,5300,5400,5400,5400,5400,5400,1641,0,1400,1696.9162184631252,0.6040409998604446,8501.487958000325,92.98415600243754
1788457679,64,POST,/predict,26.600000,0.000000,4200,5100,5200,5300,5300,5300,5400,5400,5400,5400,5400,1641,0,1400,1696.9162184631252,0.6040409998604446,8501.487958000325,92.98415600243754
1788457679,64,,Aggregated,26.600000,0.000000,4200,5100,5200,5300,5300,5300,5400,5400,5400,5400,5400,1641,0,1400,1696.9162184631252,0.6040409998604446,8501.487958000325,92.98415600243754
1788457680,64,POST,/predict,26.600000,0.000000,5100,5200,5300,5300,5300,5300,5400,5400,5400,5400,5400,1641,0,1400,1696.9162184631252,0.6040409998604446,8501.487958000325,92.98415600243754
1788457680,64,,Aggregated,26.600000,0.000000,5100,5200,5300,5300,5300,5300,5400,5400,5400,5400,5400,1641,0,1400,1696.9162184631252,0.6040409998604446,8501.487958000325,92.98415600243754
1788457681,64,POST,/predict,19.200000,0.000000,5100,5200,5300,5300,7700,7700,7700,7700,7700,7700,7700,1695,0,1400,1766.4713689752157,0.6040409998604446,8501.487958000325,92.97109144542773
1788457681,64,,Aggregated,19.200000,0.000000,5100,5200,5300,5300,7700,7700,7700,7700,7700,7700,7700,1695,0,1400,1766.4713689752157,0.6040409998604446,8501.487958000325,92.97109144542773
1788457683,64,POST,/predict,19.200000,0.000000,5200,5300,5300,5300,7700,7700,7700,7700,7700,7700,7700,1695,0,1400,1766.4713689752157,0.6040409998604446,8501.487958000325,92.97109144542773
1788457683,64,,Aggregated,19.200000,0.000000,5200,5300,5300,5300,7700,7700,7700,7700,7700,7700,7700,1695,0,1400,1766.4713689752157,0.6040409998604446,8501.487958000325,92.97109144542773
1788457684,64,POST,/predict,19.200000,0.000000,5200,5300,5300,5300,7700,7700,7700,7700,7700,7700,7700,1695,0,1400,1766.4713689752157,0.6040409998604446,8501.487958000325,92.97109144542773
1788457684,64,,Aggregated,19.200000,0.000000,5200,5300,5300,5300,7700,7700,7700,7700,7700,7700,7700,1695,0,1400,1766.4713689752157,0.6040409998604446,8501.487958000325,92.97109144542773
1788457685,64,POST,/predict,17.300000,0.000000,2600,5300,6200,6300,7700,7700,7700,7700,7700,7700,7700,1816,0,1400,1817.9987827632121,0.6040409998604446,8501.487958000325,92.95649779735683
1788457685,64,,Aggregated,17.300000,0.000000,2600,5300,6200,6300,7700,7700,7700,7700,7700,7700,7700,1816,0,1400,1817.9987827632121,0.6040409998604446,8501.487958000325,92.95649779735683
1788457686,64,POST,/predict,17.300000,0.000000,2600,5300,6200,6300,7700,7700,7700,7700,7700,7700,7700,1816,0,1400,1817.9987827632121,0.6040409998604446,8501.487958000325,92.95649779735683
1788457686,64,,Aggregated,17.300000,0.000000,2600,5300,6200,6300,7700,7700,7700,7700,7700,7700,7700,1816,0,1400,1817.9987827632121,0.6040409998604446,8501.487958000325,92.95649779735683
1788457687,64,POST,/predict,17.300000,0.000000,2600,5300,6200,6300,7700,7700,7700,7700,7700,7700,7700,1816,0,1400,1817.9987827632121,0.6040409998604446,8501.487958000325,92.95649779735683
1788457687,64,,Aggregated,17.300000,0.000000,2600,5300,6200,6300,7700,7700,7700,7700,7700,7700,7700,1816,0,1400,1817.9987827632121,0.6040409998604446,8501.487958000325,92.95649779735683
1788457688,64,POST,/predict,17.300000,0.000000,2600,5300,6200,6300,7700,7700,7700,7700,7700,7700,7700,1816,0,1400,1817.9987827632121,0.6040409998604446,8501.487958000325,92.95649779735683
1788457688,64,,Aggregated,17.300000,0.000000,2600,5300,6200,6300,7700,7700,7700,7700,7700,7700,7700,1816,0,1400,1817.9987827632121,0.6040409998604446,8501.487958000325,92.95649779735683
1788457689,64,POST,/predict,17.300000,0.000000,2500,6200,6300,6400,7700,7700,7700,7700,7700,7700,7700,1816,0,1400,1817.9987827632121,0.6040409998604446,8501.487958000325,92.95649779735683
1788457689,64,,Aggregated,17.300000,0.000000,2500,6200,6300,6400,7700,7700,7700,7700,7700,7700,7700,1816,0,1400,1817.9987827632121,0.6040409998604446,8501.487958000325,92.95649779735683
1788457690,64,POST,/predict,17.300000,0.000000,2500,6200,6300,6400,7700,7700,7700,7700,7700,7700,7700,1816,0,1400,1817.9987827632121,0.6040409998604446,8501.487958000325,92.95649779735683
1788457690,64,,Aggregated,17.300000,0.000000,2500,6200,6300,6400,7700,7700,7700,7700,7700,7700,7700,1816,0,1400,1817.9987827632121,0.6040409998604446,8501.487958000325,92.95649779735683
1788457691,64,POST,/predict,17.500000,0.000000,2500,6300,6400,7200,7500,7700,7700,7700,7700,7700,7700,1888,0,1400,1892.5957477727734,0.6040409998604446,8501.487958000325,92.94491525423729
1788457691,64,,Aggregated,17.500000,0.000000,2500,6300,6400,7200,7500,7700,7700,7700,7700,7700,7700,1888,0,1400,1892.5957477727734,0.6040409998604446,8501.487958000325,92.94491525423729
1788457692,64,POST,/predict,17.500000,0.000000,2500,6300,6400,7200,7500,7700,7700,7700,7700,7700,7700,1888,0,1400,1892.5957477727734,0.6040409998604446,8501.487958000325,92.94491525423729
1788457692,64,,Aggregated,17.500000,0.000000,2500,6300,6400,7200,7500,7700,7700,7700,7700,7700,7700,1888,0,1400,1892.5957477727734,0.6040409998604446,8501.487958000325,92.94491525423729
1788457693,64,POST,/predict,17.500000,0.000000,2600,6300,6400,7200,7300,7400,7500,7500,7500,7500,7500,1888,0,1400,1892.5957477727734,0.6040409998604446,8501.487958000325,92.94491525423729
1788457693,64,,Aggregated,17.500000,0.000000,2600,6300,6400,7200,7300,7400,7500,7500,7500,7500,7500,1888,0,1400,1892.5957477727734,0.6040409998604446,8501.487958000325,92.94491525423729
1788457694,64,POST,/predict,24.700000,0.000000,1300,2500,6300,6400,7500,7700,7900,7900,7900,7900,7900,2057,0,1400,1900.187505086531,0.6040409998604446,8501.487958000325,92.94555177442878
1788457694,64,,Aggregated,24.700000,0.000000,1300,2500,6300,6400,7500,7700,7900,7900,7900,7900,7900,2057,0,1400,1900.187505086531,0.6040409998604446,8501.487958000325,92.94555177442878
1788457695,64,POST,/predict,24.700000,0.000000,1300,2500,6300,6400,7500,7700,7900,7900,7900,7900,7900,2057,0,1400,1900.187505086531,0.6040409998604446,8501.487958000325,92.94555177442878
1788457695,64,,Aggregated,24.700000,0.000000,1300,2500,6300,6400,7500,7700,7900,7900,7900,7900,7900,2057,0,1400,1900.187505086531,0.6040409998604446,8501.487958000325,92.94555177442878
1788457696,64,POST,/predict,24.700000,0.000000,1300,2500,6300,6400,7500,7700,7900,7900,7900,7900,7900,2057,0,1400,1900.187505086531,0.6040409998604446,8501.487958000325,92.94555177442878
1788457696,64,,Aggregated,24.700000,0.000000,1300,2500,6300,6400,7500,7700,7900,7900,7900,7900,7900,2057,0,1400,1900.187505086531,0.6040409998604446,8501.487958000325,92.94555177442878
1788457697,64,POST,/predict,27.800000,0.000000,910,1300,2400,2500,7200,7500,7800,7900,7900,7900,7900,2318,0,1100,1753.780378596634,0.6040409998604446,8501.487958000325,92.96246764452114
1788457697,64,,Aggregated,27.800000,0.000000,910,1300,2400,2500,7200,7500,7800,7900,7900,7900,7900,2318,0,1100,1753.780378596634,0.6040409998604446,8501.487958000325,92.96246764452114
1788457698,64,POST,/predict,27.800000,0.000000,880,1300,1300,1400,7200,7600,7800,7900,7900,7900,7900,2318,0,1100,1753.780378596634,0.6040409998604446,8501.487958000325,92.96246764452114
1788457698,64,,Aggregated,27.800000,0.000000,880,1300,1300,1400,7200,7600,7800,7900,7900,7900,7900,2318,0,1100,1753.780378596634,0.6040409998604446,8501.487958000325,92.96246764452114
1788457699,64,POST,/predict,27.800000,0.000000,880,1300,1300,1400,7200,7600,7800,7900,7900,7900,7900,2318,0,1100,1753.780378596634,0.6040409998604446,8501.487958000325,92.96246764452114
1788457699,64,,Aggregated,27.800000,0.000000,880,1300,1300,1400,7200,7600,7800,7900,7900,7900,7900,2318,0,1100,1753.780378596634,0.6040409998604446,8501.487958000325,92.96246764452114
1788457700,64,POST,/predict,50.200000,0.000000,900,1300,1800,1900,2500,7400,7800,7900,7900,7900,7900,2437,0,1100,1723.3216541534675,0.6040409998604446,8501.487958000325,92.96922445629873
1788457700,64,,Aggregated,50.200000,0.000000,900,1300,1800,1900,2500,7400,7800,7900,7900,7900,7900,2437,0,1100,1723.3216541534675,0.6040409998604446,8501.487958000325,92.96922445629873
1788457701,64,POST,/predict,50.200000,0.000000,900,1300,1800,1900,2500,7400,7800,7900,7900,7900,7900,2437,0,1100,1723.3216541534675,0.6040409998604446,8501.487958000325,92.96922445629873
1788457701,64,,Aggregated,50.200000,0.000000,900,1300,1800,1900,2500,7400,7800,7900,7900,7900,7900,2437,0,1100,1723.3216541534675,0.6040409998604446,8501.487958000325,92.96922445629873
1788457702,64,POST,/predict,50.200000,0.000000,1100,1300,1400,1800,2300,2500,7800,7900,7900,7900,7900,2437,0,1100,1723.3216541534675,0.6040409998604446,8501.487958000325,92.96922445629873
1788457702,64,,Aggregated,50.200000,0.000000,1100,1300,1400,1800,2300,2500,7800,7900,7900,7900,7900,2437,0,1100,1723.3216541534675,0.6040409998604446,8501.487958000325,92.96922445629873
1788457703,64,POST,/predict,56.400000,0.000000,910,1300,1800,2000,2400,7000,7800,7900,7900,7900,7900,2539,0,1100,1715.762838602205,0.6040409998604446,8501.487958000325,92.968885387948
1788457703,64,,Aggregated,56.400000,0.000000,910,1300,1800,2000,2400,7000,7800,7900,7900,7900,7900,2539,0,1100,1715.762838602205,0.6040409998604446,8501.487958000325,92.968885387948
1788457704,64,POST,/predict,56.400000,0.000000,910,1300,1800,2000,2400,7000,7800,7900,7900,7900,7900,2539,0,1100,1715.762838602205,0.6040409998604446,8501.487958000325,92.968885387948
1788457704,64,,Aggregated,56.400000,0.000000,910,1300,1800,2000,2400,7000,7800,7900,7900,7900,7900,2539,0,1100,1715.762838602205,0.6040409998604446,8501.487958000325,92.968885387948
1788457705,64,POST,/predict,56.400000,0.000000,890,1300,1800,1900,2100,2100,7000,7000,7000,7000,7000,2539,0,1100,1715.762838602205,0.6040409998604446,8501.487958000325,92.968885387948
1788457705,64,,Aggregated,56.400000,0.000000,890,1300,1800,1900,2100,2100,7000,7000,7000,7000,7000,2539,0,1100,1715.762838602205,0.6040409998604446,8501.487958000325,92.968885387948
1788457706,64,POST,/predict,52.500000,0.000000,1100,1800,2000,2100,2400,2500,7200,7300,7300,7300,7300,2752,0,1100,1708.4819949745633,0.6040409998604446,8501.487958000325,92.97420058139535
1788457706,64,,Aggregated,52.500000,0.000000,1100,1800,2000,2100,2400,2500,7200,7300,7300,7300,7300,2752,0,1100,1708.4819949745633,0.6040409998604446,8501.487958000325,92.97420058139535
1788457707,64,POST,/predict,52.500000,0.000000,1100,1800,2000,2100,2400,2500,7200,7300,7300,7300,7300,2752,0,1100,1708.4819949745633,0.6040409998604446,8501.487958000325,92.97420058139535
1788457707,64,,Aggregated,52.500000,0.000000,1100,1800,2000,2100,2400,2500,7200,7300,7300,7300,7300,2752,0,1100,1708.4819949745633,0.6040409998604446,8501.487958000325,92.97420058139535
1788457708,64,POST,/predict,52.500000,0.000000,1800,2100,2100,2300,2400,7000,7300,7300,7300,7300,7300,2752,0,1100,1708.4819949745633,0.6040409998604446,8501.487958000325,92.97420058139535
1788457708,64,,Aggregated,52.500000,0.000000,1800,2100,2100,2300,2400,7000,7300,7300,7300,7300,7300,2752,0,1100,1708.4819949745633,0.6040409998604446,8501.487958000325,92.97420058139535
1788457709,64,POST,/predict,43.400000,0.000000,1200,2000,2100,2100,2400,5400,7200,7300,7300,7300,7300,2943,0,1100,1655.5281076405033,0.6040409998604446,8501.487958000325,92.97893306150186
1788457709,64,,Aggregated,43.400000,0.000000,1200,2000,2100,2100,2400,5400,7200,7300,7300,7300,7300,2943,0,1100,1655.5281076405033,0.6040409998604446,8501.487958000325,92.97893306150186
1788457710,64,POST,/predict,43.400000,0.000000,1200,2000,2100,2100,2400,5400,7200,7300,7300,7300,7300,2943,0,1100,1655.5281076405033,0.6040409998604446,8501.487958000325,92.97893306150186
1788457710,64,,Aggregated,43.400000,0.000000,1200,2000,2100,2100,2400,5400,7200,7300,7300,7300,7300,2943,0,1100,1655.5281076405033,0.6040409998604446,8501.487958000325,92.97893306150186
1788457711,64,POST,/predict,43.400000,0.000000,810,2000,2100,2200,2500,7000,7300,7300,7300,7300,7300,2943,0,1100,1655.5281076405033,0.6040409998604446,8501.487958000325,92.97893306150186
1788457711,64,,Aggregated,43.400000,0.000000,810,2000,2100,2200,2500,7000,7300,7300,7300,7300,7300,2943,0,1100,1655.5281076405033,0.6040409998604446,8501.487958000325,92.97893306150186
1788457712,64,POST,/predict,56.300000,0.000000,96,1300,1900,2000,2400,2700,7200,7300,7300,7300,7300,3235,0,900,1561.4596168349312,0.6040409998604446,8501.487958000325,92.98918083462132
1788457712,64,,Aggregated,56.300000,0.000000,96,1300,1900,2000,2400,2700,7200,7300,7300,7300,7300,3235,0,900,1561.4596168349312,0.6040409998604446,8501.487958000325,92.98918083462132
1788457713,64,POST,/predict,56.300000,0.000000,96,1300,1900,2000,2400,2700,7200,7300,7300,7300,7300,3235,0,900,1561.4596168349312,0.6040409998604446,8501.487958000325,92.98918083462132
1788457713,64,,Aggregated,56.300000,0.000000,96,1300,1900,2000,2400,2700,7200,7300,7300,7300,7300,3235,0,900,1561.4596168349312,0.6040409998604446,8501.487958000325,92.98918083462132
1788457714,64,POST,/predict,56.300000,0.000000,88,1300,1600,1800,2300,2500,7200,7300,7300,7300,7300,3235,0,900,1561.4596168349312,0.6040409998604446,8501.487958000325,92.98918083462132
1788457714,64,,Aggregated,56.300000,0.000000,88,1300,1600,1800,2300,2500,7200,7300,7300,7300,7300,3235,0,900,1561.4596168349312,0.6040409998604446,8501.487958000325,92.98918083462132
1788457715,64,POST,/predict,79.200000,0.000000,84,1200,1400,1700,2000,2400,2700,7200,7300,7300,7300,3619,0,880,1466.7189534788647,0.6040409998604446,8501.487958000325,92.99088145896657
1788457715,64,,Aggregated,79.200000,0.000000,84,1200,1400,1700,2000,2400,2700,7200,7300,7300,7300,3619,0,880,1466.7189534788647,0.6040409998604446,8501.487958000325,92.99088145896657
1788457716,64,POST,/predict,79.200000,0.000000,84,1200,1400,1700,2000,2400,2700,7200,7300,7300,7300,3619,0,880,1466.7189534788647,0.6040409998604446,8501.487958000325,92.99088145896657
1788457716,64,,Aggregated,79.200000,0.000000,84,1200,1400,1700,2000,2400,2700,7200,7300,7300,7300,3619,0,880,1466.7189534788647,0.6040409998604446,8501.487958000325,92.99088145896657
1788457717,64,POST,/predict,79.200000,0.000000,66,1000,1300,1300,1800,2000,2100,2700,2700,2700,2700,3619,0,880,1466.7189534788647,0.6040409998604446,8501.487958000325,92.99088145896657
1788457717,64,,Aggregated,79.200000,0.000000,66,1000,1300,1300,1800,2000,2100,2700,2700,2700,2700,3619,0,880,1466.7189534788647,0.6040409998604446,8501.487958000325,92.99088145896657
1788457718,64,POST,/predict,91.700000,0.000000,62,1100,1300,1400,1800,2000,2100,2200,2700,2700,2700,3895,0,810,1410.1651265476305,0.6040409998604446,8501.487958000325,92.99358151476251
1788457718,64,,Aggregated,91.700000,0.000000,62,1100,1300,1400,1800,2000,2100,2200,2700,2700,2700,3895,0,810,1410.1651265476305,0.6040409998604446,8501.487958000325,92.99358151476251
1788457719,64,POST,/predict,91.700000,0.000000,62,1100,1300,1400,1800,2000,2100,2200,2700,2700,2700,3895,0,810,1410.1651265476305,0.6040409998604446,8501.487958000325,92.99358151476251
1788457719,64,,Aggregated,91.700000,0.000000,62,1100,1300,1400,1800,2000,2100,2200,2700,2700,2700,3895,0,810,1410.1651265476305,0.6040409998604446,8501.487958000325,92.99358151476251
1788457720,64,POST,/predict,91.700000,0.000000,62,1100,1200,1300,1700,1900,2000,2100,2200,2200,2200,3895,0,810,1410.1651265476305,0.6040409998604446,8501.487958000325,92.99358151476251
1788457720,64,,Aggregated,91.700000,0.000000,62,1100,1200,1300,1700,1900,2000,2100,2200,2200,2200,3895,0,810,1410.1651265476305,0.6040409998604446,8501.487958000325,92.99358151476251
1788457721,64,POST,/predict,96.600000,0.000000,59,1100,1200,1300,1800,1900,2000,2000,2200,2200,2200,4102,0,760,1370.6564962072205,0.6040409998604446,8501.487958000325,92.99268649439298
1788457721,64,,Aggregated,96.600000,0.000000,59,1100,1200,1300,1800,1900,2000,2000,2200,2200,2200,4102,0,760,1370.6564962072205,0.6040409998604446,8501.487958000325,92.99268649439298
1788457722,64,POST,/predict,96.600000,0.000000,59,1100,1200,1300,1800,1900,2000,2000,2200,2200,2200,4102,0,760,1370.6564962072205,0.6040409998604446,8501.487958000325,92.99268649439298
1788457722,64,,Aggregated,96.600000,0.000000,59,1100,1200,1300,1800,1900,2000,2000,2200,2200,2200,4102,0,760,1370.6564962072205,0.6040409998604446,8501.487958000325,92.99268649439298
1788457723,64,POST,/predict,96.600000,0.000000,59,1100,1200,1300,1800,1900,2000,2000,2200,2200,2200,4102,0,760,1370.6564962072205,0.6040409998604446,8501.487958000325,92.99268649439298
1788457723,64,,Aggregated,96.600000,0.000000,59,1100,1200,1300,1800,1900,2000,2000,2200,2200,2200,4102,0,760,1370.6564962072205,0.6040409998604446,8501.487958000325,92.99268649439298
1788457724,64,POST,/predict,97.500000,0.000000,51,1100,1300,1700,1800,2000,2000,2100,2100,2100,2100,4382,0,200,1334.0608931958059,0.5915840001762263,8501.487958000325,93.00251026928343
1788457724,64,,Aggregated,97.500000,0.000000,51,1100,1300,1700,1800,2000,2000,2100,2100,2100,2100,4382,0,200,1334.0608931958059,0.5915840001762263,8501.487958000325,93.00251026928343
1788457725,64,POST,/predict,97.500000,0.000000,51,1100,1300,1700,1800,2000,2000,2100,2100,2100,2100,4382,0,200,1334.0608931958059,0.5915840001762263,8501.487958000325,93.00251026928343
1788457725,64,,Aggregated,97.500000,0.000000,51,1100,1300,1700,1800,2000,2000,2100,2100,2100,2100,4382,0,200,1334.0608931958059,0.5915840001762263,8501.487958000325,93.00251026928343
1788457726,64,POST,/predict,97.500000,0.000000,51,1100,1300,1700,1800,2000,2000,2100,2100,2100,2100,4382,0,200,1334.0608931958059,0.5915840001762263,8501.487958000325,93.00251026928343
1788457726,64,,Aggregated,97.500000,0.000000,51,1100,1300,1700,1800,2000,2000,2100,2100,2100,2100,4382,0,200,1334.0608931958059,0.5915840001762263,8501.487958000325,93.00251026928343
1788457727,64,POST,/predict,91.700000,0.000000,56,1200,1600,1700,2000,2000,2100,2100,2200,2200,2200,4618,0,200,1309.5023075725483,0.5915840001762263,8501.487958000325,93.00909484625379
1788457727,64,,Aggregated,91.700000,0.000000,56,1200,1600,1700,2000,2000,2100,2100,2200,2200,2200,4618,0,200,1309.5023075725483,0.5915840001762263,8501.487958000325,93.00909484625379
1788457728,64,POST,/predict,91.700000,0.000000,56,1200,1600,1700,2000,2000,2100,2100,2200,2200,2200,4618,0,200,1309.5023075725483,0.5915840001762263,8501.487958000325,93.00909484625379
1788457728,64,,Aggregated,91.700000,0.000000,56,1200,1600,1700,2000,2000,2100,2100,2200,2200,2200,4618,0,200,1309.5023075725483,0.5915840001762263,8501.487958000325,93.00909484625379
1788457729,64,POST,/predict,91.700000,0.000000,56,1200,1600,1700,2000,2000,2100,2100,2200,2200,2200,4618,0,200,1309.5023075725483,0.5915840001762263,8501.487958000325,93.00909484625379
1788457729,64,,Aggregated,91.700000,0.000000,56,1200,1600,1700,2000,2000,2100,2100,2200,2200,2200,4618,0,200,1309.5023075725483,0.5915840001762263,8501.487958000325,93.00909484625379
1788457730,64,POST,/predict,85.700000,0.000000,70,1400,1700,1800,2000,2000,2100,2100,2200,2200,2200,4802,0,790,1296.4726269598148,0.5915840001762263,8501.487958000325,93.0177009579342
1788457730,64,,Aggregated,85.700000,0.000000,70,1400,1700,1800,2000,2000,2100,2100,2200,2200,2200,4802,0,790,1296.4726269598148,0.5915840001762263,8501.487958000325,93.0177009579342
1788457731,64,POST,/predict,85.700000,0.000000,70,1400,1700,1800,2000,2000,2100,2100,2200,2200,2200,4802,0,790,1296.4726269598148,0.5915840001762263,8501.487958000325,93.0177009579342
1788457731,64,,Aggregated,85.700000,0.000000,70,1400,1700,1800,2000,2000,2100,2100,2200,2200,2200,4802,0,790,1296.4726269598148,0.5915840001762263,8501.487958000325,93.0177009579342
1788457732,64,POST,/predict,85.700000,0.000000,1200,1500,1700,1800,2000,2000,2100,2100,2200,2200,2200,4802,0,790,1296.4726269598148,0.5915840001762263,8501.487958000325,93.0177009579342
1788457732,64,,Aggregated,85.700000,0.000000,1200,1500,1700,1800,2000,2000,2100,2100,2200,2200,2200,4802,0,790,1296.4726269598148,0.5915840001762263,8501.487958000325,93.0177009579342
1788457733,64,POST,/predict,76.200000,0.000000,100,1700,1800,1900,2000,3100,3100,3400,3400,3400,3400,4943,0,760,1294.505765542188,0.5915840001762263,8501.487958000325,93.01638680962978
1788457733,64,,Aggregated,76.200000,0.000000,100,1700,1800,1900,2000,3100,3100,3400,3400,3400,3400,4943,0,760,1294.505765542188,0.5915840001762263,8501.487958000325,93.01638680962978
1788457734,64,POST,/predict,76.200000,0.000000,1200,1700,1800,1900,2100,3100,3100,3400,3400,3400,3400,4943,0,760,1294.505765542188,0.5915840001762263,8501.487958000325,93.01638680962978
1788457734,64,,Aggregated,76.200000,0.000000,1200,1700,1800,1900,2100,3100,3100,3400,3400,3400,3400,4943,0,760,1294.505765542188,0.5915840001762263,8501.487958000325,93.01638680962978
1788457735,64,POST,/predict,76.200000,0.000000,1200,1700,1800,1900,2100,3100,3100,3400,3400,3400,3400,4943,0,760,1294.505765542188,0.5915840001762263,8501.487958000325,93.01638680962978
1788457735,64,,Aggregated,76.200000,0.000000,1200,1700,1800,1900,2100,3100,3100,3400,3400,3400,3400,4943,0,760,1294.505765542188,0.5915840001762263,8501.487958000325,93.01638680962978
1788457736,64,POST,/predict,64.300000,0.000000,1300,1700,1800,2000,3100,3400,4200,4200,4200,4200,4200,4982,0,760,1302.843699306912,0.5915840001762263,8501.487958000325,93.01405058209555
1788457736,64,,Aggregated,64.300000,0.000000,1300,1700,1800,2000,3100,3400,4200,4200,4200,4200,4200,4982,0,760,1302.843699306912,0.5915840001762263,8501.487958000325,93.01405058209555
1788457737,64,POST,/predict,64.300000,0.000000,1300,1700,1800,2000,3100,3400,4200,4200,4200,4200,4200,4982,0,760,1302.843699306912,0.5915840001762263,8501.487958000325,93.01405058209555
1788457737,64,,Aggregated,64.300000,0.000000,1300,1700,1800,2000,3100,3400,4200,4200,4200,4200,4200,4982,0,760,1302.843699306912,0.5915840001762263,8501.487958000325,93.01405058209555
1788457738,64,POST,/predict,64.300000,0.000000,1400,1700,1800,1900,3100,4200,4200,4200,4200,4200,4200,4982,0,760,1302.843699306912,0.5915840001762263,8501.487958000325,93.01405058209555
1788457738,64,,Aggregated,64.300000,0.000000,1400,1700,1800,1900,3100,4200,4200,4200,4200,4200,4200,4982,0,760,1302.843699306912,0.5915840001762263,8501.487958000325,93.01405058209555
1788457739,64,POST,/predict,50.200000,0.000000,1400,1800,3100,3400,3600,3700,4200,4200,4200,4200,4200,5109,0,760,1316.107024930326,0.5915840001762263,8501.487958000325,93.0129183793306
1788457739,64,,Aggregated,50.200000,0.000000,1400,1800,3100,3400,3600,3700,4200,4200,4200,4200,4200,5109,0,760,1316.107024930326,0.5915840001762263,8501.487958000325,93.0129183793306
1788457740,64,POST,/predict,50.200000,0.000000,1400,1800,3100,3400,3600,3700,4200,4200,4200,4200,4200,5109,0,760,1316.107024930326,0.5915840001762263,8501.487958000325,93.0129183793306
1788457740,64,,Aggregated,50.200000,0.000000,1400,1800,3100,3400,3600,3700,4200,4200,4200,4200,4200,5109,0,760,1316.107024930326,0.5915840001762263,8501.487958000325,93.0129183793306
1788457741,64,POST,/predict,50.200000,0.000000,100,3400,3600,3600,3700,4200,4200,4200,4200,4200,4200,5109,0,760,1316.107024930326,0.5915840001762263,8501.487958000325,93.0129183793306
1788457741,64,,Aggregated,50.200000,0.000000,100,3400,3600,3600,3700,4200,4200,4200,4200,4200,4200,5109,0,760,1316.107024930326,0.5915840001762263,8501.487958000325,93.0129183793306
1788457742,64,POST,/predict,37.900000,0.000000,100,2900,3100,3500,3700,4100,4200,4200,4200,4200,4200,5239,0,760,1317.731069595541,0.5915840001762263,8501.487958000325,93.00954380606986
1788457742,64,,Aggregated,37.900000,0.000000,100,2900,3100,3500,3700,4100,4200,4200,4200,4200,4200,5239,0,760,1317.731069595541,0.5915840001762263,8501.487958000325,93.00954380606986
1788457743,64,POST,/predict,37.900000,0.000000,100,2900,3100,3500,3700,4100,4200,4200,4200,4200,4200,5239,0,760,1317.731069595541,0.5915840001762263,8501.487958000325,93.00954380606986
1788457743,64,,Aggregated,37.900000,0.000000,100,2900,3100,3500,3700,4100,4200,4200,4200,4200,4200,5239,0,760,1317.731069595541,0.5915840001762263,8501.487958000325,93.00954380606986
1788457744,64,POST,/predict,37.900000,0.000000,2500,2900,3600,3600,3700,3700,4200,4200,4200,4200,4200,5239,0,760,1317.731069595541,0.5915840001762263,8501.487958000325,93.00954380606986
1788457744,64,,Aggregated,37.900000,0.000000,2500,2900,3600,3600,3700,3700,4200,4200,4200,4200,4200,5239,0,760,1317.731069595541,0.5915840001762263,8501.487958000325,93.00954380606986
1788457745,64,POST,/predict,38.600000,0.000000,2600,3100,3600,3600,3700,3700,4200,4200,4200,4200,4200,5344,0,810,1334.4094064738101,0.5915840001762263,8501.487958000325,93.01029191616766
1788457745,64,,Aggregated,38.600000,0.000000,2600,3100,3600,3600,3700,3700,4200,4200,4200,4200,4200,5344,0,810,1334.4094064738101,0.5915840001762263,8501.487958000325,93.01029191616766
1788457746,64,POST,/predict,38.600000,0.000000,2600,3100,3600,3600,3700,3700,4200,4200,4200,4200,4200,5344,0,810,1334.4094064738101,0.5915840001762263,8501.487958000325,93.01029191616766
1788457746,64,,Aggregated,38.600000,0.000000,2600,3100,3600,3600,3700,3700,4200,4200,4200,4200,4200,5344,0,810,1334.4094064738101,0.5915840001762263,8501.487958000325,93.01029191616766
1788457747,64,POST,/predict,38.600000,0.000000,2600,2900,3600,3600,3700,3700,3700,3700,3700,3700,3700,5344,0,810,1334.4094064738101,0.5915840001762263,8501.487958000325,93.01029191616766
1788457747,64,,Aggregated,38.600000,0.000000,2600,2900,3600,3600,3700,3700,3700,3700,3700,3700,3700,5344,0,810,1334.4094064738101,0.5915840001762263,8501.487958000325,93.01029191616766
1788457748,64,POST,/predict,36.200000,0.000000,2500,2900,3600,3600,3700,3700,4300,4300,4300,4300,4300,5477,0,800,1343.276253687976,0.5915840001762263,8501.487958000325,93.00949424867628
1788457748,64,,Aggregated,36.200000,0.000000,2500,2900,3600,3600,3700,3700,4300,4300,4300,4300,4300,5477,0,800,1343.276253687976,0.5915840001762263,8501.487958000325,93.00949424867628
1788457749,64,POST,/predict,36.200000,0.000000,2500,2900,3600,3600,3700,3700,4300,4300,4300,4300,4300,5477,0,800,1343.276253687976,0.5915840001762263,8501.487958000325,93.00949424867628
1788457749,64,,Aggregated,36.200000,0.000000,2500,2900,3600,3600,3700,3700,4300,4300,4300,4300,4300,5477,0,800,1343.276253687976,0.5915840001762263,8501.487958000325,93.00949424867628
1788457750,64,POST,/predict,36.200000,0.000000,2600,2900,3600,3600,3700,3700,4300,4300,4300,4300,4300,5477,0,800,1343.276253687976,0.5915840001762263,8501.487958000325,93.00949424867628
1788457750,64,,Aggregated,36.200000,0.000000,2600,2900,3600,3600,3700,3700,4300,4300,4300,4300,4300,5477,0,800,1343.276253687976,0.5915840001762263,8501.487958000325,93.00949424867628
1788457751,64,POST,/predict,44.900000,0.000000,1200,2000,2900,2900,3600,3700,3700,4300,4300,4300,4300,5742,0,790,1322.1800599658732,0.5915840001762263,8501.487958000325,93.00870776732846
1788457751,64,,Aggregated,44.900000,0.000000,1200,2000,2900,2900,3600,3700,3700,4300,4300,4300,4300,5742,0,790,1322.1800599658732,0.5915840001762263,8501.487958000325,93.00870776732846
1788457752,64,POST,/predict,44.900000,0.000000,1200,2000,2900,2900,3600,3700,3700,4300,4300,4300,4300,5742,0,790,1322.1800599658732,0.5915840001762263,8501.487958000325,93.00870776732846
1788457752,64,,Aggregated,44.900000,0.000000,1200,2000,2900,2900,3600,3700,3700,4300,4300,4300,4300,5742,0,790,1322.1800599658732,0.5915840001762263,8501.487958000325,93.00870776732846
1788457753,64,POST,/predict,44.900000,0.000000,1200,2000,2100,2900,3600,3700,4300,4300,4300,4300,4300,5742,0,790,1322.1800599658732,0.5915840001762263,8501.487958000325,93.00870776732846
1788457753,64,,Aggregated,44.900000,0.000000,1200,2000,2100,2900,3600,3700,4300,4300,4300,4300,4300,5742,0,790,1322.1800599658732,0.5915840001762263,8501.487958000325,93.00870776732846
1788457754,64,POST,/predict,51.300000,0.000000,140,1900,2000,2100,3600,3700,3700,4300,4300,4300,4300,5958,0,760,1308.0541592950728,0.5915840001762263,8501.487958000325,93.01141322591474
1788457754,64,,Aggregated,51.300000,0.000000,140,1900,2000,2100,3600,3700,3700,4300,4300,4300,4300,5958,0,760,1308.0541592950728,0.5915840001762263,8501.487958000325,93.01141322591474
1788457755,64,POST,/predict,51.300000,0.000000,140,1900,2000,2100,3600,3700,3700,4300,4300,4300,4300,5958,0,760,1308.0541592950728,0.5915840001762263,8501.487958000325,93.01141322591474
1788457755,64,,Aggregated,51.300000,0.000000,140,1900,2000,2100,3600,3700,3700,4300,4300,4300,4300,5958,0,760,1308.0541592950728,0.5915840001762263,8501.487958000325,93.01141322591474
1788457756,64,POST,/predict,51.300000,0.000000,74,1800,2000,2000,2100,3600,3700,4300,4300,4300,4300,5958,0,760,1308.0541592950728,0.5915840001762263,8501.487958000325,93.01141322591474
1788457756,64,,Aggregated,51.300000,0.000000,74,1800,2000,2000,2100,3600,3700,4300,4300,4300,4300,5958,0,760,1308.0541592950728,0.5915840001762263,8501.487958000325,93.01141322591474
1788457757,64,POST,/predict,65.600000,0.000000,61,1700,1900,2000,2100,3600,3700,4300,4300,4300,4300,6042,0,760,1302.5949917100372,0.5915840001762263,8501.487958000325,93.01158556769282
1788457757,64,,Aggregated,65.600000,0.000000,61,1700,1900,2000,2100,3600,3700,4300,4300,4300,4300,6042,0,760,1302.5949917100372,0.5915840001762263,8501.487958000325,93.01158556769282
1788457758,64,POST,/predict,65.600000,0.000000,61,1700,1900,2000,2100,3600,3700,4300,4300,4300,4300,6042,0,760,1302.5949917100372,0.5915840001762263,8501.487958000325,93.01158556769282
1788457758,64,,Aggregated,65.600000,0.000000,61,1700,1900,2000,2100,3600,3700,4300,4300,4300,4300,6042,0,760,1302.5949917100372,0.5915840001762263,8501.487958000325,93.01158556769282
1788457759,64,POST,/predict,65.600000,0.000000,61,1700,1900,2000,2100,3600,3700,4300,4300,4300,4300,6042,0,760,1302.5949917100372,0.5915840001762263,8501.487958000325,93.01158556769282
1788457759,64,,Aggregated,65.600000,0.000000,61,1700,1900,2000,2100,3600,3700,4300,4300,4300,4300,6042,0,760,1302.5949917100372,0.5915840001762263,8501.487958000325,93.01158556769282
1788457760,64,POST,/predict,67.900000,0.000000,140,1800,1900,2000,2100,2800,3100,3100,5800,5800,5800,6094,0,790,1307.584878384156,0.5915840001762263,8501.487958000325,93.01214309156548
1788457760,64,,Aggregated,67.900000,0.000000,140,1800,1900,2000,2100,2800,3100,3100,5800,5800,5800,6094,0,790,1307.584878384156,0.5915840001762263,8501.487958000325,93.01214309156548
1788457761,64,POST,/predict,67.900000,0.000000,140,1800,1900,2000,2100,2800,3100,3100,5800,5800,5800,6094,0,790,1307.584878384156,0.5915840001762263,8501.487958000325,93.01214309156548
1788457761,64,,Aggregated,67.900000,0.000000,140,1800,1900,2000,2100,2800,3100,3100,5800,5800,5800,6094,0,790,1307.584878384156,0.5915840001762263,8501.487958000325,93.01214309156548
1788457762,64,POST,/predict,67.900000,0.000000,140,1800,1900,2000,2100,2800,3100,3100,5800,5800,5800,6094,0,790,1307.584878384156,0.5915840001762263,8501.487958000325,93.01214309156548
1788457762,64,,Aggregated,67.900000,0.000000,140,1800,1900,2000,2100,2800,3100,3100,5800,5800,5800,6094,0,790,1307.584878384156,0.5915840001762263,8501.487958000325,93.01214309156548
1788457763,64,POST,/predict,52.600000,0.000000,74,1700,1900,2000,2900,3600,6500,6500,6500,6500,6500,6373,0,210,1309.1615739508948,0.5915840001762263,8501.487958000325,93.00674721481249
1788457763,64,,Aggregated,52.600000,0.000000,74,1700,1900,2000,2900,3600,6500,6500,6500,6500,6500,6373,0,210,1309.1615739508948,0.5915840001762263,8501.487958000325,93.00674721481249
1788457764,64,POST,/predict,52.600000,0.000000,74,1700,1900,2000,2900,3600,6500,6500,6500,6500,6500,6373,0,210,1309.1615739508948,0.5915840001762263,8501.487958000325,93.00674721481249
1788457764,64,,Aggregated,52.600000,0.000000,74,1700,1900,2000,2900,3600,6500,6500,6500,6500,6500,6373,0,210,1309.1615739508948,0.5915840001762263,8501.487958000325,93.00674721481249
1788457765,64,POST,/predict,52.600000,0.000000,74,1700,1900,2000,2900,3600,6500,6500,6500,6500,6500,6373,0,210,1309.1615739508948,0.5915840001762263,8501.487958000325,93.00674721481249
1788457765,64,,Aggregated,52.600000,0.000000,74,1700,1900,2000,2900,3600,6500,6500,6500,6500,6500,6373,0,210,1309.1615739508948,0.5915840001762263,8501.487958000325,93.00674721481249
1788457766,64,POST,/predict,56.400000,0.000000,35,1700,1900,2000,2900,3500,6500,6500,6500,6500,6500,6611,0,200,1295.0328572324977,0.5915840001762263,8501.487958000325,93.01043715020421
1788457766,64,,Aggregated,56.400000,0.000000,35,1700,1900,2000,2900,3500,6500,6500,6500,6500,6500,6611,0,200,1295.0328572324977,0.5915840001762263,8501.487958000325,93.01043715020421
1788457767,64,POST,/predict,56.400000,0.000000,35,1800,1900,2000,2900,3600,6500,6500,6500,6500,6500,6611,0,200,1295.0328572324977,0.5915840001762263,8501.487958000325,93.01043715020421
1788457767,64,,Aggregated,56.400000,0.000000,35,1800,1900,2000,2900,3600,6500,6500,6500,6500,6500,6611,0,200,1295.0328572324977,0.5915840001762263,8501.487958000325,93.01043715020421
1788457768,64,POST,/predict,56.400000,0.000000,35,1700,2000,2000,2900,3600,6500,6500,6500,6500,6500,6611,0,200,1295.0328572324977,0.5915840001762263,8501.487958000325,93.01043715020421
1788457768,64,,Aggregated,56.400000,0.000000,35,1700,2000,2000,2900,3600,6500,6500,6500,6500,6500,6611,0,200,1295.0328572324977,0.5915840001762263,8501.487958000325,93.01043715020421
1788457769,64,POST,/predict,58.000000,0.000000,35,1800,2000,2200,2800,3100,6500,6500,6500,6500,6500,6742,0,140,1290.9470869113093,0.5915840001762263,8501.487958000325,93.0100860278849
1788457769,64,,Aggregated,58.000000,0.000000,35,1800,2000,2200,2800,3100,6500,6500,6500,6500,6500,6742,0,140,1290.9470869113093,0.5915840001762263,8501.487958000325,93.0100860278849
1788457771,64,POST,/predict,58.000000,0.000000,35,1800,2000,2100,2200,2900,6500,6500,6500,6500,6500,6742,0,140,1290.9470869113093,0.5915840001762263,8501.487958000325,93.0100860278849
1788457771,64,,Aggregated,58.000000,0.000000,35,1800,2000,2100,2200,2900,6500,6500,6500,6500,6500,6742,0,140,1290.9470869113093,0.5915840001762263,8501.487958000325,93.0100860278849
1788457772,64,POST,/predict,58.000000,0.000000,35,1800,2000,2100,2200,2900,6500,6500,6500,6500,6500,6742,0,140,1290.9470869113093,0.5915840001762263,8501.487958000325,93.0100860278849
1788457772,64,,Aggregated,58.000000,0.000000,35,1800,2000,2100,2200,2900,6500,6500,6500,6500,6500,6742,0,140,1290.9470869113093,0.5915840001762263,8501.487958000325,93.0100860278849
1788457773,64,POST,/predict,64.800000,0.000000,39,1900,2100,2200,2800,3000,6500,6500,6500,6500,6500,6898,0,140,1291.8745226278706,0.5915840001762263,8501.487958000325,93.00985792983474
1788457773,64,,Aggregated,64.800000,0.000000,39,1900,2100,2200,2800,3000,6500,6500,6500,6500,6500,6898,0,140,1291.8745226278706,0.5915840001762263,8501.487958000325,93.00985792983474
1788457774,64,POST,/predict,64.800000,0.000000,39,1900,2100,2200,2800,3000,6500,6500,6500,6500,6500,6898,0,140,1291.8745226278706,0.5915840001762263,8501.487958000325,93.00985792983474
1788457774,64,,Aggregated,64.800000,0.000000,39,1900,2100,2200,2800,3000,6500,6500,6500,6500,6500,6898,0,140,1291.8745226278706,0.5915840001762263,8501.487958000325,93.00985792983474
1788457775,64,POST,/predict,64.800000,0.000000,44,2000,2100,2200,2800,2800,3000,3100,3100,3100,3100,6898,0,140,1291.8745226278706,0.5915840001762263,8501.487958000325,93.00985792983474
1788457775,64,,Aggregated,64.800000,0.000000,44,2000,2100,2200,2800,2800,3000,3100,3100,3100,3100,6898,0,140,1291.8745226278706,0.5915840001762263,8501.487958000325,93.00985792983474
1788457776,64,POST,/predict,54.200000,0.000000,1600,2000,2100,2200,2400,2800,2900,3000,3100,3100,3100,7075,0,760,1289.527147221632,0.5915840001762263,8501.487958000325,93.01159010600706
1788457776,64,,Aggregated,54.200000,0.000000,1600,2000,2100,2200,2400,2800,2900,3000,3100,3100,3100,7075,0,760,1289.527147221632,0.5915840001762263,8501.487958000325,93.01159010600706
1788457777,64,POST,/predict,54.200000,0.000000,1600,2000,2100,2200,2400,2800,2900,3000,3100,3100,3100,7075,0,760,1289.527147221632,0.5915840001762263,8501.487958000325,93.01159010600706
1788457777,64,,Aggregated,54.200000,0.000000,1600,2000,2100,2200,2400,2800,2900,3000,3100,3100,3100,7075,0,760,1289.527147221632,0.5915840001762263,8501.487958000325,93.01159010600706
1788457778,64,POST,/predict,54.200000,0.000000,1900,2100,2200,2200,2800,2800,3000,3100,3100,3100,3100,7075,0,760,1289.527147221632,0.5915840001762263,8501.487958000325,93.01159010600706
1788457778,64,,Aggregated,54.200000,0.000000,1900,2100,2200,2200,2800,2800,3000,3100,3100,3100,3100,7075,0,760,1289.527147221632,0.5915840001762263,8501.487958000325,93.01159010600706
1788457779,64,POST,/predict,51.100000,0.000000,1700,2000,2100,2200,2800,2800,2900,3000,3100,3100,3100,7258,0,760,1280.7040506701633,0.5915840001762263,8501.487958000325,93.01432901625792
1788457779,64,,Aggregated,51.100000,0.000000,1700,2000,2100,2200,2800,2800,2900,3000,3100,3100,3100,7258,0,760,1280.7040506701633,0.5915840001762263,8501.487958000325,93.01432901625792
1788457780,64,POST,/predict,51.100000,0.000000,1900,1900,2000,2100,2800,2800,3000,3100,3100,3100,3100,7258,0,760,1280.7040506701633,0.5915840001762263,8501.487958000325,93.01432901625792
1788457780,64,,Aggregated,51.100000,0.000000,1900,1900,2000,2100,2800,2800,3000,3100,3100,3100,3100,7258,0,760,1280.7040506701633,0.5915840001762263,8501.487958000325,93.01432901625792
1788457781,64,POST,/predict,51.100000,0.000000,1900,1900,2000,2100,2800,2800,3000,3100,3100,3100,3100,7258,0,760,1280.7040506701633,0.5915840001762263,8501.487958000325,93.01432901625792
1788457781,64,,Aggregated,51.100000,0.000000,1900,1900,2000,2100,2800,2800,3000,3100,3100,3100,3100,7258,0,760,1280.7040506701633,0.5915840001762263,8501.487958000325,93.01432901625792
1788457782,64,POST,/predict,61.500000,0.000000,1700,1900,2000,2100,2400,2800,2900,3000,3100,3100,3100,7421,0,810,1277.4983317171602,0.5915840001762263,8501.487958000325,93.01657458563535
1788457782,64,,Aggregated,61.500000,0.000000,1700,1900,2000,2100,2400,2800,2900,3000,3100,3100,3100,7421,0,810,1277.4983317171602,0.5915840001762263,8501.487958000325,93.01657458563535
1788457783,64,POST,/predict,61.500000,0.000000,1700,1900,2000,2100,2400,2800,2900,3000,3100,3100,3100,7421,0,810,1277.4983317171602,0.5915840001762263,8501.487958000325,93.01657458563535
1788457783,64,,Aggregated,61.500000,0.000000,1700,1900,2000,2100,2400,2800,2900,3000,3100,3100,3100,7421,0,810,1277.4983317171602,0.5915840001762263,8501.487958000325,93.01657458563535
1788457784,64,POST,/predict,61.500000,0.000000,1600,1900,2000,2000,2200,2400,2400,2500,2500,2500,2500,7421,0,810,1277.4983317171602,0.5915840001762263,8501.487958000325,93.01657458563535
1788457784,64,,Aggregated,61.500000,0.000000,1600,1900,2000,2000,2200,2400,2400,2500,2500,2500,2500,7421,0,810,1277.4983317171602,0.5915840001762263,8501.487958000325,93.01657458563535
1788457785,64,POST,/predict,61.700000,0.000000,1600,1900,2100,2200,2400,2400,2400,2500,2500,2500,2500,7605,0,800,1274.0913015192696,0.5915840001762263,8501.487958000325,93.0128862590401
1788457785,64,,Aggregated,61.700000,0.000000,1600,1900,2100,2200,2400,2400,2400,2500,2500,2500,2500,7605,0,800,1274.0913015192696,0.5915840001762263,8501.487958000325,93.0128862590401
1788457786,64,POST,/predict,61.700000,0.000000,1600,1900,2100,2200,2400,2400,2400,2500,2500,2500,2500,7605,0,800,1274.0913015192696,0.5915840001762263,8501.487958000325,93.0128862590401
1788457786,64,,Aggregated,61.700000,0.000000,1600,1900,2100,2200,2400,2400,2400,2500,2500,2500,2500,7605,0,800,1274.0913015192696,0.5915840001762263,8501.487958000325,93.0128862590401
1788457787,64,POST,/predict,61.700000,0.000000,1600,1900,2200,2300,2400,2400,2400,2500,2500,2500,2500,7605,0,800,1274.0913015192696,0.5915840001762263,8501.487958000325,93.0128862590401
1788457787,64,,Aggregated,61.700000,0.000000,1600,1900,2200,2300,2400,2400,2400,2500,2500,2500,2500,7605,0,800,1274.0913015192696,0.5915840001762263,8501.487958000325,93.0128862590401
1788457788,64,POST,/predict,61.600000,0.000000,1500,1700,1900,2000,2400,2400,2400,2500,2500,2500,2500,7813,0,810,1263.7516059787597,0.5915840001762263,8501.487958000325,93.01638295149111
1788457788,64,,Aggregated,61.600000,0.000000,1500,1700,1900,2000,2400,2400,2400,2500,2500,2500,2500,7813,0,810,1263.7516059787597,0.5915840001762263,8501.487958000325,93.01638295149111
1788457789,64,POST,/predict,61.600000,0.000000,1300,1700,2000,2300,2400,2400,2400,2500,2500,2500,2500,7813,0,810,1263.7516059787597,0.5915840001762263,8501.487958000325,93.01638295149111
1788457789,64,,Aggregated,61.600000,0.000000,1300,1700,2000,2300,2400,2400,2400,2500,2500,2500,2500,7813,0,810,1263.7516059787597,0.5915840001762263,8501.487958000325,93.01638295149111
1788457790,64,POST,/predict,61.600000,0.000000,1300,1700,2000,2300,2400,2400,2400,2500,2500,2500,2500,7813,0,810,1263.7516059787597,0.5915840001762263,8501.487958000325,93.01638295149111
1788457790,64,,Aggregated,61.600000,0.000000,1300,1700,2000,2300,2400,2400,2400,2500,2500,2500,2500,7813,0,810,1263.7516059787597,0.5915840001762263,8501.487958000325,93.01638295149111
1788457791,64,POST,/predict,64.600000,0.000000,1600,1700,2300,2400,2400,2500,2800,2800,2800,2800,2800,7962,0,880,1265.7083782881248,0.5915840001762263,8501.487958000325,93.01695553880934
1788457791,64,,Aggregated,64.600000,0.000000,1600,1700,2300,2400,2400,2500,2800,2800,2800,2800,2800,7962,0,880,1265.7083782881248,0.5915840001762263,8501.487958000325,93.01695553880934
1788457792,64,POST,/predict,64.600000,0.000000,1600,1700,2300,2400,2400,2500,2800,2800,2800,2800,2800,7962,0,880,1265.7083782881248,0.5915840001762263,8501.487958000325,93.01695553880934
1788457792,64,,Aggregated,64.600000,0.000000,1600,1700,2300,2400,2400,2500,2800,2800,2800,2800,2800,7962,0,880,1265.7083782881248,0.5915840001762263,8501.487958000325,93.01695553880934
1788457793,64,POST,/predict,64.600000,0.000000,1300,1700,2100,2400,2400,2700,2800,2800,2800,2800,2800,7962,0,880,1265.7083782881248,0.5915840001762263,8501.487958000325,93.01695553880934
1788457793,64,,Aggregated,64.600000,0.000000,1300,1700,2100,2400,2400,2700,2800,2800,2800,2800,2800,7962,0,880,1265.7083782881248,0.5915840001762263,8501.487958000325,93.01695553880934
1788457794,64,POST,/predict,58.200000,0.000000,1300,1700,2000,2300,2400,2500,2800,2800,2800,2800,2800,8113,0,880,1259.3799738456855,0.5915840001762263,8501.487958000325,93.0183655860964
1788457794,64,,Aggregated,58.200000,0.000000,1300,1700,2000,2300,2400,2500,2800,2800,2800,2800,2800,8113,0,880,1259.3799738456855,0.5915840001762263,8501.487958000325,93.0183655860964
1788457795,64,POST,/predict,58.200000,0.000000,1300,1700,2000,2300,2400,2500,2800,2800,2800,2800,2800,8113,0,880,1259.3799738456855,0.5915840001762263,8501.487958000325,93.0183655860964
1788457795,64,,Aggregated,58.200000,0.000000,1300,1700,2000,2300,2400,2500,2800,2800,2800,2800,2800,8113,0,880,1259.3799738456855,0.5915840001762263,8501.487958000325,93.0183655860964
1788457796,64,POST,/predict,58.200000,0.000000,1600,1700,2000,2000,2400,2700,2800,2800,2800,2800,2800,8113,0,880,1259.3799738456855,0.5915840001762263,8501.487958000325,93.0183655860964
1788457796,64,,Aggregated,58.200000,0.000000,1600,1700,2000,2000,2400,2700,2800,2800,2800,2800,2800,8113,0,880,1259.3799738456855,0.5915840001762263,8501.487958000325,93.0183655860964
1788457797,64,POST,/predict,62.500000,0.000000,1600,1800,2000,2000,2300,2500,2700,2800,2800,2800,2800,8369,0,880,1252.1404305448739,0.5915840001762263,8501.487958000325,93.01899868562552
1788457797,64,,Aggregated,62.500000,0.000000,1600,1800,2000,2000,2300,2500,2700,2800,2800,2800,2800,8369,0,880,1252.1404305448739,0.5915840001762263,8501.487958000325,93.01899868562552
1788457798,64,POST,/predict,62.500000,0.000000,1600,1800,2000,2000,2300,2500,2700,2800,2800,2800,2800,8369,0,880,1252.1404305448739,0.5915840001762263,8501.487958000325,93.01899868562552
1788457798,64,,Aggregated,62.500000,0.000000,1600,1800,2000,2000,2300,2500,2700,2800,2800,2800,2800,8369,0,880,1252.1404305448739,0.5915840001762263,8501.487958000325,93.01899868562552
1788457799,64,POST,/predict,59.100000,0.000000,71,1800,2000,2200,2300,2500,2700,2800,2800,2800,2800,8405,0,870,1250.1424999388514,0.5915840001762263,8501.487958000325,93.01867935752529
1788457799,64,,Aggregated,59.100000,0.000000,71,1800,2000,2200,2300,2500,2700,2800,2800,2800,2800,8405,0,870,1250.1424999388514,0.5915840001762263,8501.487958000325,93.01867935752529
1788457800,64,POST,/predict,59.100000,0.000000,69,1800,1900,2100,2200,2500,2700,2800,2800,2800,2800,8509,0,820,1245.1011853606824,0.5915840001762263,8501.487958000325,93.0166882124809
1788457800,64,,Aggregated,59.100000,0.000000,69,1800,1900,2100,2200,2500,2700,2800,2800,2800,2800,8509,0,820,1245.1011853606824,0.5915840001762263,8501.487958000325,93.0166882124809
1788457801,64,POST,/predict,59.100000,0.000000,70,1700,1900,2000,2200,2200,2300,2300,2400,2400,2400,8509,0,820,1245.1011853606824,0.5915840001762263,8501.487958000325,93.0166882124809
1788457801,64,,Aggregated,59.100000,0.000000,70,1700,1900,2000,2200,2200,2300,2300,2400,2400,2400,8509,0,820,1245.1011853606824,0.5915840001762263,8501.487958000325,93.0166882124809
1788457802,64,POST,/predict,63.600000,0.000000,69,1800,1900,2000,2200,2200,2300,2300,2400,2400,2400,8574,0,810,1243.384372509919,0.5915840001762263,8501.487958000325,93.01621180312573
1788457802,64,,Aggregated,63.600000,0.000000,69,1800,1900,2000,2200,2200,2300,2300,2400,2400,2400,8574,0,810,1243.384372509919,0.5915840001762263,8501.487958000325,93.01621180312573
1788457803,64,POST,/predict,63.600000,0.000000,71,1800,2100,2200,2200,2200,2300,2300,2400,2400,2400,8740,0,840,1241.54292967941,0.5915840001762263,8501.487958000325,93.01693363844393
1788457803,64,,Aggregated,63.600000,0.000000,71,1800,2100,2200,2200,2200,2300,2300,2400,2400,2400,8740,0,840,1241.54292967941,0.5915840001762263,8501.487958000325,93.01693363844393
1788457804,64,POST,/predict,63.600000,0.000000,71,1800,2100,2200,2200,2200,2300,2300,2400,2400,2400,8740,0,840,1241.54292967941,0.5915840001762263,8501.487958000325,93.01693363844393
1788457804,64,,Aggregated,63.600000,0.000000,71,1800,2100,2200,2200,2200,2300,2300,2400,2400,2400,8740,0,840,1241.54292967941,0.5915840001762263,8501.487958000325,93.01693363844393
1788457805,64,POST,/predict,64.800000,0.000000,66,1900,2200,2200,2200,2400,2600,2600,2700,2700,2700,8824,0,800,1240.0324796320313,0.5915840001762263,8501.487958000325,93.01609247506799
1788457805,64,,Aggregated,64.800000,0.000000,66,1900,2200,2200,2200,2400,2600,2600,2700,2700,2700,8824,0,800,1240.0324796320313,0.5915840001762263,8501.487958000325,93.01609247506799
1788457806,64,POST,/predict,64.800000,0.000000,66,1900,2200,2200,2300,2600,2600,2700,2700,2700,2700,8902,0,800,1240.0339979525995,0.5915840001762263,8501.487958000325,93.01628847450012
1788457806,64,,Aggregated,64.800000,0.000000,66,1900,2200,2200,2300,2600,2600,2700,2700,2700,2700,8902,0,800,1240.0339979525995,0.5915840001762263,8501.487958000325,93.01628847450012
1788457807,64,POST,/predict,64.800000,0.000000,66,1900,2200,2200,2300,2600,2600,2700,2700,2700,2700,8902,0,800,1240.0339979525995,0.5915840001762263,8501.487958000325,93.01628847450012
1788457807,64,,Aggregated,64.800000,0.000000,66,1900,2200,2200,2300,2600,2600,2700,2700,2700,2700,8902,0,800,1240.0339979525995,0.5915840001762263,8501.487958000325,93.01628847450012
1788457808,64,POST,/predict,60.800000,0.000000,47,1800,2200,2200,2500,2600,2600,2700,2700,2700,2700,9027,0,810,1234.1637055529015,0.5915840001762263,8501.487958000325,93.01694915254237
1788457808,64,,Aggregated,60.800000,0.000000,47,1800,2200,2200,2500,2600,2600,2700,2700,2700,2700,9027,0,810,1234.1637055529015,0.5915840001762263,8501.487958000325,93.01694915254237
1788457809,64,POST,/predict,66.300000,0.000000,46,1700,1900,2200,2300,2600,2600,2700,2700,2700,2700,9166,0,790,1226.5888540060052,0.5915840001762263,8501.487958000325,93.0171285184377
1788457809,64,,Aggregated,66.300000,0.000000,46,1700,1900,2200,2300,2600,2600,2700,2700,2700,2700,9166,0,790,1226.5888540060052,0.5915840001762263,8501.487958000325,93.0171285184377
1788457810,64,POST,/predict,66.300000,0.000000,48,1800,1900,2200,2500,2600,2600,2700,2700,2700,2700,9166,0,790,1226.5888540060052,0.5915840001762263,8501.487958000325,93.0171285184377
1788457810,64,,Aggregated,66.300000,0.000000,48,1800,1900,2200,2500,2600,2600,2700,2700,2700,2700,9166,0,790,1226.5888540060052,0.5915840001762263,8501.487958000325,93.0171285184377
1788457811,64,POST,/predict,66.100000,0.000000,47,1700,1800,2200,2300,2600,2600,2700,2700,2700,2700,9236,0,760,1222.5054180637774,0.5915840001762263,8501.487958000325,93.01786487656994
1788457811,64,,Aggregated,66.100000,0.000000,47,1700,1800,2200,2300,2600,2600,2700,2700,2700,2700,9236,0,760,1222.5054180637774,0.5915840001762263,8501.487958000325,93.01786487656994
1788457812,64,POST,/predict,66.100000,0.000000,49,1500,1800,1900,2300,2600,2600,2700,2700,2700,2700,9293,0,800,1220.2020038140583,0.5915840001762263,8501.487958000325,93.02001506510277
1788457812,64,,Aggregated,66.100000,0.000000,49,1500,1800,1900,2300,2600,2600,2700,2700,2700,2700,9293,0,800,1220.2020038140583,0.5915840001762263,8501.487958000325,93.02001506510277
1788457813,64,POST,/predict,66.100000,0.000000,49,1500,1500,1800,1900,2600,2600,2700,2700,2700,2700,9293,0,800,1220.2020038140583,0.5915840001762263,8501.487958000325,93.02001506510277
1788457813,64,,Aggregated,66.100000,0.000000,49,1500,1500,1800,1900,2600,2600,2700,2700,2700,2700,9293,0,800,1220.2020038140583,0.5915840001762263,8501.487958000325,93.02001506510277
1788457814,64,POST,/predict,57.000000,0.000000,1400,1500,1800,2100,2600,2900,3000,3400,3500,3500,3500,9439,0,880,1225.7095436650113,0.5915840001762263,8501.487958000325,93.02055302468482
1788457814,64,,Aggregated,57.000000,0.000000,1400,1500,1800,2100,2600,2900,3000,3400,3500,3500,3500,9439,0,880,1225.7095436650113,0.5915840001762263,8501.487958000325,93.02055302468482
1788457815,64,POST,/predict,57.800000,0.000000,1400,1500,1800,2100,2700,2900,3000,3400,3500,3500,3500,9501,0,880,1225.9737811049413,0.5915840001762263,8501.487958000325,93.01915587832859
1788457815,64,,Aggregated,57.800000,0.000000,1400,1500,1800,2100,2700,2900,3000,3400,3500,3500,3500,9501,0,880,1225.9737811049413,0.5915840001762263,8501.487958000325,93.01915587832859
1788457816,64,POST,/predict,57.800000,0.000000,1400,1500,1800,2100,2700,2900,3000,3400,3500,3500,3500,9501,0,880,1225.9737811049413,0.5915840001762263,8501.487958000325,93.01915587832859
1788457816,64,,Aggregated,57.800000,0.000000,1400,1500,1800,2100,2700,2900,3000,3400,3500,3500,3500,9501,0,880,1225.9737811049413,0.5915840001762263,8501.487958000325,93.01915587832859
1788457817,64,POST,/predict,65.300000,0.000000,1400,1500,1800,2000,2200,2900,3000,3500,3500,3500,3500,9608,0,810,1222.087696670592,0.5833750001329463,8501.487958000325,93.02050374687761
1788457817,64,,Aggregated,65.300000,0.000000,1400,1500,1800,2000,2200,2900,3000,3500,3500,3500,3500,9608,0,810,1222.087696670592,0.5833750001329463,8501.487958000325,93.02050374687761
1788457818,64,POST,/predict,65.300000,0.000000,1400,1600,1900,2000,2200,2900,3000,3500,3500,3500,3500,9641,0,810,1221.155771486158,0.5833750001329463,8501.487958000325,93.02001867026242
1788457818,64,,Aggregated,65.300000,0.000000,1400,1600,1900,2000,2200,2900,3000,3500,3500,3500,3500,9641,0,810,1221.155771486158,0.5833750001329463,8501.487958000325,93.02001867026242
1788457819,64,POST,/predict,65.300000,0.000000,1500,2000,2100,2200,2900,3000,3400,3500,3500,3500,3500,9641,0,810,1221.155771486158,0.5833750001329463,8501.487958000325,93.02001867026242
1788457819,64,,Aggregated,65.300000,0.000000,1500,2000,2100,2200,2900,3000,3400,3500,3500,3500,3500,9641,0,810,1221.155771486158,0.5833750001329463,8501.487958000325,93.02001867026242
1788457820,64,POST,/predict,50.500000,0.000000,1500,2000,2200,2900,3200,3800,3800,3800,3800,3800,3800,9738,0,810,1227.3175803194747,0.5833750001329463,8501.487958000325,93.01910043130006
1788457820,64,,Aggregated,50.500000,0.000000,1500,2000,2200,2900,3200,3800,3800,3800,3800,3800,3800,9738,0,810,1227.3175803194747,0.5833750001329463,8501.487958000325,93.01910043130006
1788457821,64,POST,/predict,50.500000,0.000000,1500,2000,2200,2900,3500,3800,3800,3800,3800,3800,3800,9768,0,810,1229.6743048881087,0.5833750001329463,8501.487958000325,93.01832514332514
1788457821,64,,Aggregated,50.500000,0.000000,1500,2000,2200,2900,3500,3800,3800,3800,3800,3800,3800,9768,0,810,1229.6743048881087,0.5833750001329463,8501.487958000325,93.01832514332514
1788457822,64,POST,/predict,50.500000,0.000000,1700,2100,2900,3000,3800,3800,3800,3800,3800,3800,3800,9768,0,810,1229.6743048881087,0.5833750001329463,8501.487958000325,93.01832514332514
1788457822,64,,Aggregated,50.500000,0.000000,1700,2100,2900,3000,3800,3800,3800,3800,3800,3800,3800,9768,0,810,1229.6743048881087,0.5833750001329463,8501.487958000325,93.01832514332514
1788457823,64,POST,/predict,49.600000,0.000000,190,2100,2900,3000,3800,3800,3800,3800,3800,3800,3800,9802,0,800,1229.4894159548098,0.5833750001329463,8501.487958000325,93.01764945929402
1788457823,64,,Aggregated,49.600000,0.000000,190,2100,2900,3000,3800,3800,3800,3800,3800,3800,3800,9802,0,800,1229.4894159548098,0.5833750001329463,8501.487958000325,93.01764945929402
1788457824,64,POST,/predict,49.600000,0.000000,190,2100,2900,3000,3800,3800,3800,3800,3800,3800,3800,9802,0,800,1229.4894159548098,0.5833750001329463,8501.487958000325,93.01764945929402
1788457824,64,,Aggregated,49.600000,0.000000,190,2100,2900,3000,3800,3800,3800,3800,3800,3800,3800,9802,0,800,1229.4894159548098,0.5833750001329463,8501.487958000325,93.01764945929402
1788457825,64,POST,/predict,49.600000,0.000000,190,2100,2900,3000,3800,3800,3800,3800,3800,3800,3800,9802,0,800,1229.4894159548098,0.5833750001329463,8501.487958000325,93.01764945929402
1788457825,64,,Aggregated,49.600000,0.000000,190,2100,2900,3000,3800,3800,3800,3800,3800,3800,3800,9802,0,800,1229.4894159548098,0.5833750001329463,8501.487958000325,93.01764945929402
1788457826,64,POST,/predict,50.200000,0.000000,60,2200,3200,3600,3800,3800,3800,3800,3800,3800,3800,10071,0,190,1232.1146063015635,0.5833750001329463,8501.487958000325,93.01539072584649
1788457826,64,,Aggregated,50.200000,0.000000,60,2200,3200,3600,3800,3800,3800,3800,3800,3800,3800,10071,0,190,1232.1146063015635,0.5833750001329463,8501.487958000325,93.01539072584649
1788457827,64,POST,/predict,50.200000,0.000000,60,2200,3200,3600,3800,3800,3800,3800,3800,3800,3800,10071,0,190,1232.1146063015635,0.5833750001329463,8501.487958000325,93.01539072584649
1788457827,64,,Aggregated,50.200000,0.000000,60,2200,3200,3600,3800,3800,3800,3800,3800,3800,3800,10071,0,190,1232.1146063015635,0.5833750001329463,8501.487958000325,93.01539072584649
1788457828,64,POST,/predict,50.200000,0.000000,60,2200,3200,3600,3800,3800,3800,3800,3800,3800,3800,10071,0,190,1232.1146063015635,0.5833750001329463,8501.487958000325,93.01539072584649
1788457828,64,,Aggregated,50.200000,0.000000,60,2200,3200,3600,3800,3800,3800,3800,3800,3800,3800,10071,0,190,1232.1146063015635,0.5833750001329463,8501.487958000325,93.01539072584649
1788457829,64,POST,/predict,44.800000,0.000000,64,1500,2300,3200,3800,3800,3800,3800,3800,3800,3800,10253,0,190,1222.356731446605,0.5833750001329463,8501.487958000325,93.01687311030918
1788457829,64,,Aggregated,44.800000,0.000000,64,1500,2300,3200,3800,3800,3800,3800,3800,3800,3800,10253,0,190,1222.356731446605,0.5833750001329463,8501.487958000325,93.01687311030918
1788457830,64,POST,/predict,44.800000,0.000000,64,1500,2300,3200,3800,3800,3800,3800,3800,3800,3800,10253,0,190,1222.356731446605,0.5833750001329463,8501.487958000325,93.01687311030918
1788457830,64,,Aggregated,44.800000,0.000000,64,1500,2300,3200,3800,3800,3800,3800,3800,3800,3800,10253,0,190,1222.356731446605,0.5833750001329463,8501.487958000325,93.01687311030918
1788457831,64,POST,/predict,44.800000,0.000000,52,1100,2200,2300,3600,3800,3800,3800,3800,3800,3800,10253,0,190,1222.356731446605,0.5833750001329463,8501.487958000325,93.01687311030918
1788457831,64,,Aggregated,44.800000,0.000000,52,1100,2200,2300,3600,3800,3800,3800,3800,3800,3800,10253,0,190,1222.356731446605,0.5833750001329463,8501.487958000325,93.01687311030918
1788457832,64,POST,/predict,56.000000,0.000000,54,1800,2100,2100,3200,3700,3800,3800,3800,3800,3800,10486,0,180,1216.2490842100929,0.5833750001329463,8501.487958000325,93.01792866679382
1788457832,64,,Aggregated,56.000000,0.000000,54,1800,2100,2100,3200,3700,3800,3800,3800,3800,3800,10486,0,180,1216.2490842100929,0.5833750001329463,8501.487958000325,93.01792866679382
1788457833,64,POST,/predict,56.000000,0.000000,54,1800,2100,2100,3200,3700,3800,3800,3800,3800,3800,10486,0,180,1216.2490842100929,0.5833750001329463,8501.487958000325,93.01792866679382
1788457833,64,,Aggregated,56.000000,0.000000,54,1800,2100,2100,3200,3700,3800,3800,3800,3800,3800,10486,0,180,1216.2490842100929,0.5833750001329463,8501.487958000325,93.01792866679382
1788457834,64,POST,/predict,56.000000,0.000000,60,1800,1900,2100,2300,3700,3800,3800,3800,3800,3800,10486,0,180,1216.2490842100929,0.5833750001329463,8501.487958000325,93.01792866679382
1788457834,64,,Aggregated,56.000000,0.000000,60,1800,1900,2100,2300,3700,3800,3800,3800,3800,3800,10486,0,180,1216.2490842100929,0.5833750001329463,8501.487958000325,93.01792866679382
1788457835,64,POST,/predict,68.400000,0.000000,62,1800,2100,2100,2800,3600,3800,3800,3800,3800,3800,10642,0,180,1216.9633325370262,0.5833750001329463,8501.487958000325,93.01644427739147
1788457835,64,,Aggregated,68.400000,0.000000,62,1800,2100,2100,2800,3600,3800,3800,3800,3800,3800,10642,0,180,1216.9633325370262,0.5833750001329463,8501.487958000325,93.01644427739147
1788457836,64,POST,/predict,68.400000,0.000000,62,1800,2100,2100,2800,3600,3800,3800,3800,3800,3800,10642,0,180,1216.9633325370262,0.5833750001329463,8501.487958000325,93.01644427739147
1788457836,64,,Aggregated,68.400000,0.000000,62,1800,2100,2100,2800,3600,3800,3800,3800,3800,3800,10642,0,180,1216.9633325370262,0.5833750001329463,8501.487958000325,93.01644427739147
1788457837,64,POST,/predict,68.400000,0.000000,62,1800,2100,2100,2800,3600,3800,3800,3800,3800,3800,10642,0,180,1216.9633325370262,0.5833750001329463,8501.487958000325,93.01644427739147
1788457837,64,,Aggregated,68.400000,0.000000,62,1800,2100,2100,2800,3600,3800,3800,3800,3800,3800,10642,0,180,1216.9633325370262,0.5833750001329463,8501.487958000325,93.01644427739147
1788457838,64,POST,/predict,66.600000,0.000000,1000,1300,1800,1800,2100,2800,2800,2800,2800,2800,2800,10838,0,750,1208.1638413944481,0.5833750001329463,8501.487958000325,93.01891492895368
1788457838,64,,Aggregated,66.600000,0.000000,1000,1300,1800,1800,2100,2800,2800,2800,2800,2800,2800,10838,0,750,1208.1638413944481,0.5833750001329463,8501.487958000325,93.01891492895368
1788457839,64,POST,/predict,66.600000,0.000000,1100,1300,1800,2100,2200,2800,2800,2800,2800,2800,2800,10838,0,750,1208.1638413944481,0.5833750001329463,8501.487958000325,93.01891492895368
1788457839,64,,Aggregated,66.600000,0.000000,1100,1300,1800,2100,2200,2800,2800,2800,2800,2800,2800,10838,0,750,1208.1638413944481,0.5833750001329463,8501.487958000325,93.01891492895368
1788457840,64,POST,/predict,66.600000,0.000000,1100,1300,1800,2100,2200,2800,2800,2800,2800,2800,2800,10838,0,750,1208.1638413944481,0.5833750001329463,8501.487958000325,93.01891492895368
1788457840,64,,Aggregated,66.600000,0.000000,1100,1300,1800,2100,2200,2800,2800,2800,2800,2800,2800,10838,0,750,1208.1638413944481,0.5833750001329463,8501.487958000325,93.01891492895368
1788457841,64,POST,/predict,61.600000,0.000000,1200,1300,1800,2100,2700,2800,4200,4200,4400,4400,4400,11061,0,760,1207.064191357837,0.5833750001329463,8501.487958000325,93.01744869360817
1788457841,64,,Aggregated,61.600000,0.000000,1200,1300,1800,2100,2700,2800,4200,4200,4400,4400,4400,11061,0,760,1207.064191357837,0.5833750001329463,8501.487958000325,93.01744869360817
1788457842,64,POST,/predict,61.600000,0.000000,1200,1300,1800,2100,2700,2800,4200,4200,4400,4400,4400,11061,0,760,1207.064191357837,0.5833750001329463,8501.487958000325,93.01744869360817
1788457842,64,,Aggregated,61.600000,0.000000,1200,1300,1800,2100,2700,2800,4200,4200,4400,4400,4400,11061,0,760,1207.064191357837,0.5833750001329463,8501.487958000325,93.01744869360817
1788457843,64,POST,/predict,61.600000,0.000000,1200,1300,1400,2300,2800,3000,4200,4200,4400,4400,4400,11061,0,760,1207.064191357837,0.5833750001329463,8501.487958000325,93.01744869360817
1788457843,64,,Aggregated,61.600000,0.000000,1200,1300,1400,2300,2800,3000,4200,4200,4400,4400,4400,11061,0,760,1207.064191357837,0.5833750001329463,8501.487958000325,93.01744869360817
1788457844,64,POST,/predict,69.600000,0.000000,1000,1300,1300,1400,2400,2800,4200,4200,4400,4400,4400,11320,0,760,1193.6293088909035,0.5833750001329463,8501.487958000325,93.0196996466431
1788457844,64,,Aggregated,69.600000,0.000000,1000,1300,1300,1400,2400,2800,4200,4200,4400,4400,4400,11320,0,760,1193.6293088909035,0.5833750001329463,8501.487958000325,93.0196996466431
1788457845,64,POST,/predict,69.600000,0.000000,1000,1300,1300,1400,2300,2800,4200,4200,4400,4400,4400,11320,0,760,1193.6293088909035,0.5833750001329463,8501.487958000325,93.0196996466431
1788457845,64,,Aggregated,69.600000,0.000000,1000,1300,1300,1400,2300,2800,4200,4200,4400,4400,4400,11320,0,760,1193.6293088909035,0.5833750001329463,8501.487958000325,93.0196996466431
1788457846,64,POST,/predict,69.600000,0.000000,1000,1300,1300,1400,2300,2800,4200,4200,4400,4400,4400,11320,0,760,1193.6293088909035,0.5833750001329463,8501.487958000325,93.0196996466431
1788457846,64,,Aggregated,69.600000,0.000000,1000,1300,1300,1400,2300,2800,4200,4200,4400,4400,4400,11320,0,760,1193.6293088909035,0.5833750001329463,8501.487958000325,93.0196996466431
1788457847,64,POST,/predict,78.800000,0.000000,1000,1300,1400,1400,1800,2300,3000,4200,4400,4400,4400,11581,0,750,1184.2225611054334,0.5833750001329463,8501.487958000325,93.02270961056904
1788457847,64,,Aggregated,78.800000,0.000000,1000,1300,1400,1400,1800,2300,3000,4200,4400,4400,4400,11581,0,750,1184.2225611054334,0.5833750001329463,8501.487958000325,93.02270961056904
1788457848,64,POST,/predict,78.800000,0.000000,1000,1300,1400,1400,1800,2300,3000,4200,4400,4400,4400,11581,0,750,1184.2225611054334,0.5833750001329463,8501.487958000325,93.02270961056904
1788457848,64,,Aggregated,78.800000,0.000000,1000,1300,1400,1400,1800,2300,3000,4200,4400,4400,4400,11581,0,750,1184.2225611054334,0.5833750001329463,8501.487958000325,93.02270961056904
1788457849,64,POST,/predict,78.800000,0.000000,1000,1300,1400,1500,1800,2300,3000,4200,4400,4400,4400,11581,0,750,1184.2225611054334,0.5833750001329463,8501.487958000325,93.02270961056904
1788457849,64,,Aggregated,78.800000,0.000000,1000,1300,1400,1500,1800,2300,3000,4200,4400,4400,4400,11581,0,750,1184.2225611054334,0.5833750001329463,8501.487958000325,93.02270961056904
1788457850,64,POST,/predict,74.300000,0.000000,1000,1400,1700,1800,1900,2300,3000,4200,4400,4400,4400,11826,0,750,1179.3773824090154,0.5833750001329463,8501.487958000325,93.02452223913411
1788457850,64,,Aggregated,74.300000,0.000000,1000,1400,1700,1800,1900,2300,3000,4200,4400,4400,4400,11826,0,750,1179.3773824090154,0.5833750001329463,8501.487958000325,93.02452223913411
1788457851,64,POST,/predict,74.300000,0.000000,1000,1400,1700,1800,1800,2000,2400,3000,4400,4400,4400,11826,0,750,1179.3773824090154,0.5833750001329463,8501.487958000325,93.02452223913411
1788457851,64,,Aggregated,74.300000,0.000000,1000,1400,1700,1800,1800,2000,2400,3000,4400,4400,4400,11826,0,750,1179.3773824090154,0.5833750001329463,8501.487958000325,93.02452223913411
1788457852,64,POST,/predict,74.300000,0.000000,1000,1400,1700,1800,1800,2000,2400,3000,4400,4400,4400,11826,0,750,1179.3773824090154,0.5833750001329463,8501.487958000325,93.02452223913411
1788457852,64,,Aggregated,74.300000,0.000000,1000,1400,1700,1800,1800,2000,2400,3000,4400,4400,4400,11826,0,750,1179.3773824090154,0.5833750001329463,8501.487958000325,93.02452223913411
1788457853,64,POST,/predict,78.400000,0.000000,180,1400,1800,1800,1900,2000,2000,2000,2100,2100,2100,11968,0,740,1176.7967904127686,0.5833750001329463,8501.487958000325,93.02623663101605
1788457853,64,,Aggregated,78.400000,0.000000,180,1400,1800,1800,1900,2000,2000,2000,2100,2100,2100,11968,0,740,1176.7967904127686,0.5833750001329463,8501.487958000325,93.02623663101605
1788457854,64,POST,/predict,78.400000,0.000000,180,1400,1800,1800,1900,2000,2000,2000,2100,2100,2100,11968,0,740,1176.7967904127686,0.5833750001329463,8501.487958000325,93.02623663101605
1788457854,64,,Aggregated,78.400000,0.000000,180,1400,1800,1800,1900,2000,2000,2000,2100,2100,2100,11968,0,740,1176.7967904127686,0.5833750001329463,8501.487958000325,93.02623663101605
1788457855,64,POST,/predict,78.400000,0.000000,190,1800,1800,1800,2000,2000,2000,2100,2100,2100,2100,11968,0,740,1176.7967904127686,0.5833750001329463,8501.487958000325,93.02623663101605
1788457855,64,,Aggregated,78.400000,0.000000,190,1800,1800,1800,2000,2000,2000,2100,2100,2100,2100,11968,0,740,1176.7967904127686,0.5833750001329463,8501.487958000325,93.02623663101605
1788457856,64,POST,/predict,77.000000,0.000000,190,1600,1800,1800,1900,2000,2000,2000,2100,2100,2100,12219,0,760,1169.0305533563314,0.5833750001329463,8501.487958000325,93.02856207545625
1788457856,64,,Aggregated,77.000000,0.000000,190,1600,1800,1800,1900,2000,2000,2000,2100,2100,2100,12219,0,760,1169.0305533563314,0.5833750001329463,8501.487958000325,93.02856207545625
1788457857,64,POST,/predict,77.000000,0.000000,190,1600,1800,1800,1900,2000,2000,2000,2100,2100,2100,12219,0,760,1169.0305533563314,0.5833750001329463,8501.487958000325,93.02856207545625
1788457857,64,,Aggregated,77.000000,0.000000,190,1600,1800,1800,1900,2000,2000,2000,2100,2100,2100,12219,0,760,1169.0305533563314,0.5833750001329463,8501.487958000325,93.02856207545625
1788457858,64,POST,/predict,77.000000,0.000000,190,1600,1800,1800,1900,2000,2000,2000,2100,2100,2100,12219,0,760,1169.0305533563314,0.5833750001329463,8501.487958000325,93.02856207545625
1788457858,64,,Aggregated,77.000000,0.000000,190,1600,1800,1800,1900,2000,2000,2000,2100,2100,2100,12219,0,760,1169.0305533563314,0.5833750001329463,8501.487958000325,93.02856207545625
1788457859,64,POST,/predict,75.500000,0.000000,1400,1600,1800,1800,2000,2000,2000,2000,2100,2100,2100,12468,0,800,1162.9889720992942,0.5833750001329463,8501.487958000325,93.02831247994867
1788457859,64,,Aggregated,75.500000,0.000000,1400,1600,1800,1800,2000,2000,2000,2000,2100,2100,2100,12468,0,800,1162.9889720992942,0.5833750001329463,8501.487958000325,93.02831247994867
1788457860,64,POST,/predict,75.500000,0.000000,1400,1600,1800,1800,2000,2000,2000,2000,2100,2100,2100,12468,0,800,1162.9889720992942,0.5833750001329463,8501.487958000325,93.02831247994867
1788457860,64,,Aggregated,75.500000,0.000000,1400,1600,1800,1800,2000,2000,2000,2000,2100,2100,2100,12468,0,800,1162.9889720992942,0.5833750001329463,8501.487958000325,93.02831247994867
1788457861,64,POST,/predict,75.500000,0.000000,1400,1600,1800,1800,2000,2000,2000,2000,2100,2100,2100,12468,0,800,1162.9889720992942,0.5833750001329463,8501.487958000325,93.02831247994867
1788457861,64,,Aggregated,75.500000,0.000000,1400,1600,1800,1800,2000,2000,2000,2000,2100,2100,2100,12468,0,800,1162.9889720992942,0.5833750001329463,8501.487958000325,93.02831247994867
1788457862,64,POST,/predict,75.000000,0.000000,800,1500,1600,1700,1900,2000,2000,2000,2100,2100,2100,12626,0,760,1157.6059569083636,0.5644579996442189,8501.487958000325,93.03033423095201
1788457862,64,,Aggregated,75.000000,0.000000,800,1500,1600,1700,1900,2000,2000,2000,2100,2100,2100,12626,0,760,1157.6059569083636,0.5644579996442189,8501.487958000325,93.03033423095201
1788457863,64,POST,/predict,75.000000,0.000000,800,1500,1600,1700,1900,2000,2000,2000,2100,2100,2100,12626,0,760,1157.6059569083636,0.5644579996442189,8501.487958000325,93.03033423095201
1788457863,64,,Aggregated,75.000000,0.000000,800,1500,1600,1700,1900,2000,2000,2000,2100,2100,2100,12626,0,760,1157.6059569083636,0.5644579996442189,8501.487958000325,93.03033423095201
1788457864,64,POST,/predict,75.000000,0.000000,63,1400,1600,1700,1900,1900,2000,2000,2000,2000,2000,12626,0,760,1157.6059569083636,0.5644579996442189,8501.487958000325,93.03033423095201
1788457864,64,,Aggregated,75.000000,0.000000,63,1400,1600,1700,1900,1900,2000,2000,2000,2000,2000,12626,0,760,1157.6059569083636,0.5644579996442189,8501.487958000325,93.03033423095201
1788457865,64,POST,/predict,77.900000,0.000000,200,1500,1700,1700,2000,4100,4400,4400,4400,4400,4400,12727,0,760,1165.2683275061681,0.5644579996442189,8501.487958000325,93.02875775909484
1788457865,64,,Aggregated,77.900000,0.000000,200,1500,1700,1700,2000,4100,4400,4400,4400,4400,4400,12727,0,760,1165.2683275061681,0.5644579996442189,8501.487958000325,93.02875775909484
1788457867,64,POST,/predict,77.900000,0.000000,800,1600,1700,1900,4100,4200,4400,4400,4400,4400,4400,12727,0,760,1165.2683275061681,0.5644579996442189,8501.487958000325,93.02875775909484
1788457867,64,,Aggregated,77.900000,0.000000,800,1600,1700,1900,4100,4200,4400,4400,4400,4400,4400,12727,0,760,1165.2683275061681,0.5644579996442189,8501.487958000325,93.02875775909484
1788457868,64,POST,/predict,77.900000,0.000000,800,1600,1700,1900,4100,4200,4400,4400,4400,4400,4400,12727,0,760,1165.2683275061681,0.5644579996442189,8501.487958000325,93.02875775909484
1788457868,64,,Aggregated,77.900000,0.000000,800,1600,1700,1900,4100,4200,4400,4400,4400,4400,4400,12727,0,760,1165.2683275061681,0.5644579996442189,8501.487958000325,93.02875775909484
1788457869,64,POST,/predict,63.100000,0.000000,200,1600,1800,1900,4100,4400,6000,6000,6100,6100,6100,12759,0,750,1168.9627598952898,0.5644579996442189,8501.487958000325,93.02852888157379
1788457869,64,,Aggregated,63.100000,0.000000,200,1600,1800,1900,4100,4400,6000,6000,6100,6100,6100,12759,0,750,1168.9627598952898,0.5644579996442189,8501.487958000325,93.02852888157379
1788457870,64,POST,/predict,63.100000,0.000000,200,1600,1800,1900,4100,4400,6000,6000,6100,6100,6100,12759,0,750,1168.9627598952898,0.5644579996442189,8501.487958000325,93.02852888157379
1788457870,64,,Aggregated,63.100000,0.000000,200,1600,1800,1900,4100,4400,6000,6000,6100,6100,6100,12759,0,750,1168.9627598952898,0.5644579996442189,8501.487958000325,93.02852888157379
1788457871,64,POST,/predict,63.100000,0.000000,180,1700,4000,4100,4400,6000,6000,6000,6100,6100,6100,12759,0,750,1168.9627598952898,0.5644579996442189,8501.487958000325,93.02852888157379
1788457871,64,,Aggregated,63.100000,0.000000,180,1700,4000,4100,4400,6000,6000,6000,6100,6100,6100,12759,0,750,1168.9627598952898,0.5644579996442189,8501.487958000325,93.02852888157379
1788457872,64,POST,/predict,39.700000,0.000000,200,2400,3000,4100,4300,4400,6000,6000,6100,6100,6100,12971,0,760,1178.6964372064608,0.5644579996442189,8501.487958000325,93.02605812967388
1788457872,64,,Aggregated,39.700000,0.000000,200,2400,3000,4100,4300,4400,6000,6000,6100,6100,6100,12971,0,760,1178.6964372064608,0.5644579996442189,8501.487958000325,93.02605812967388
1788457873,64,POST,/predict,39.700000,0.000000,2300,3000,4100,4100,4400,4400,6000,6000,6100,6100,6100,12971,0,760,1178.6964372064608,0.5644579996442189,8501.487958000325,93.02605812967388
1788457873,64,,Aggregated,39.700000,0.000000,2300,3000,4100,4100,4400,4400,6000,6000,6100,6100,6100,12971,0,760,1178.6964372064608,0.5644579996442189,8501.487958000325,93.02605812967388
1788457874,64,POST,/predict,39.700000,0.000000,2300,3000,4100,4100,4400,4400,6000,6000,6100,6100,6100,12971,0,760,1178.6964372064608,0.5644579996442189,8501.487958000325,93.02605812967388
1788457874,64,,Aggregated,39.700000,0.000000,2300,3000,4100,4100,4400,4400,6000,6000,6100,6100,6100,12971,0,760,1178.6964372064608,0.5644579996442189,8501.487958000325,93.02605812967388
1788457875,64,POST,/predict,35.200000,0.000000,1800,2300,2400,4000,4200,4400,6000,6000,6100,6100,6100,13134,0,760,1175.930816868433,0.5644579996442189,8501.487958000325,93.02740977615349
1788457875,64,,Aggregated,35.200000,0.000000,1800,2300,2400,4000,4200,4400,6000,6000,6100,6100,6100,13134,0,760,1175.930816868433,0.5644579996442189,8501.487958000325,93.02740977615349
1788457876,64,POST,/predict,35.200000,0.000000,1800,2200,2400,2400,4200,4400,6000,6000,6100,6100,6100,13134,0,760,1175.930816868433,0.5644579996442189,8501.487958000325,93.02740977615349
1788457876,64,,Aggregated,35.200000,0.000000,1800,2200,2400,2400,4200,4400,6000,6000,6100,6100,6100,13134,0,760,1175.930816868433,0.5644579996442189,8501.487958000325,93.02740977615349
1788457877,64,POST,/predict,35.200000,0.000000,1800,2200,2400,2400,4200,4400,6000,6000,6100,6100,6100,13134,0,760,1175.930816868433,0.5644579996442189,8501.487958000325,93.02740977615349
1788457877,64,,Aggregated,35.200000,0.000000,1800,2200,2400,2400,4200,4400,6000,6000,6100,6100,6100,13134,0,760,1175.930816868433,0.5644579996442189,8501.487958000325,93.02740977615349
1788457878,64,POST,/predict,40.700000,0.000000,1400,1900,2000,2200,3000,4200,4400,6000,6100,6100,6100,13387,0,760,1169.466875177859,0.5644579996442189,8501.487958000325,93.0282363486965
1788457878,64,,Aggregated,40.700000,0.000000,1400,1900,2000,2200,3000,4200,4400,6000,6100,6100,6100,13387,0,760,1169.466875177859,0.5644579996442189,8501.487958000325,93.0282363486965
1788457879,64,POST,/predict,40.700000,0.000000,1400,1900,2000,2200,3000,4200,4400,6000,6100,6100,6100,13387,0,760,1169.466875177859,0.5644579996442189,8501.487958000325,93.0282363486965
1788457879,64,,Aggregated,40.700000,0.000000,1400,1900,2000,2200,3000,4200,4400,6000,6100,6100,6100,13387,0,760,1169.466875177859,0.5644579996442189,8501.487958000325,93.0282363486965
1788457880,64,POST,/predict,40.700000,0.000000,1400,1900,1900,2000,2400,4100,4400,4400,4400,4400,4400,13387,0,760,1169.466875177859,0.5644579996442189,8501.487958000325,93.0282363486965
1788457880,64,,Aggregated,40.700000,0.000000,1400,1900,1900,2000,2400,4100,4400,4400,4400,4400,4400,13387,0,760,1169.466875177859,0.5644579996442189,8501.487958000325,93.0282363486965
1788457881,64,POST,/predict,63.500000,0.000000,1400,1600,1900,1900,2400,4000,4200,4400,4400,4400,4400,13522,0,800,1166.5920707552139,0.5644579996442189,8501.487958000325,93.02980328353794
1788457881,64,,Aggregated,63.500000,0.000000,1400,1600,1900,1900,2400,4000,4200,4400,4400,4400,4400,13522,0,800,1166.5920707552139,0.5644579996442189,8501.487958000325,93.02980328353794
1788457882,64,POST,/predict,63.500000,0.000000,1400,1600,1900,1900,2400,4000,4200,4400,4400,4400,4400,13522,0,800,1166.5920707552139,0.5644579996442189,8501.487958000325,93.02980328353794
1788457882,64,,Aggregated,63.500000,0.000000,1400,1600,1900,1900,2400,4000,4200,4400,4400,4400,4400,13522,0,800,1166.5920707552139,0.5644579996442189,8501.487958000325,93.02980328353794
1788457883,64,POST,/predict,63.500000,0.000000,1400,1400,1600,1800,1900,2000,2000,2200,2200,2200,2200,13522,0,800,1166.5920707552139,0.5644579996442189,8501.487958000325,93.02980328353794
1788457883,64,,Aggregated,63.500000,0.000000,1400,1400,1600,1800,1900,2000,2000,2200,2200,2200,2200,13522,0,800,1166.5920707552139,0.5644579996442189,8501.487958000325,93.02980328353794
1788457884,64,POST,/predict,65.800000,0.000000,1400,1500,1800,1900,2000,3000,5000,5000,5000,5000,5000,13673,0,810,1172.2969046691292,0.5644579996442189,8501.487958000325,93.02866964089812
1788457884,64,,Aggregated,65.800000,0.000000,1400,1500,1800,1900,2000,3000,5000,5000,5000,5000,5000,13673,0,810,1172.2969046691292,0.5644579996442189,8501.487958000325,93.02866964089812
1788457885,64,POST,/predict,65.800000,0.000000,1400,1500,1800,1900,2000,3000,5000,5000,5000,5000,5000,13673,0,810,1172.2969046691292,0.5644579996442189,8501.487958000325,93.02866964089812
1788457885,64,,Aggregated,65.800000,0.000000,1400,1500,1800,1900,2000,3000,5000,5000,5000,5000,5000,13673,0,810,1172.2969046691292,0.5644579996442189,8501.487958000325,93.02866964089812
1788457886,64,POST,/predict,65.800000,0.000000,1400,1500,1800,1900,2000,5000,5000,5000,5000,5000,5000,13673,0,810,1172.2969046691292,0.5644579996442189,8501.487958000325,93.02866964089812
1788457886,64,,Aggregated,65.800000,0.000000,1400,1500,1800,1900,2000,5000,5000,5000,5000,5000,5000,13673,0,810,1172.2969046691292,0.5644579996442189,8501.487958000325,93.02866964089812
1788457887,64,POST,/predict,61.200000,0.000000,1400,1600,1800,1900,3000,4200,5000,5000,5000,5000,5000,13715,0,810,1174.2138802799125,0.5644579996442189,8501.487958000325,93.02865475756471
1788457887,64,,Aggregated,61.200000,0.000000,1400,1600,1800,1900,3000,4200,5000,5000,5000,5000,5000,13715,0,810,1174.2138802799125,0.5644579996442189,8501.487958000325,93.02865475756471
1788457888,64,POST,/predict,61.200000,0.000000,1400,1600,1800,1900,3000,4200,5000,5000,5000,5000,5000,13715,0,810,1174.2138802799125,0.5644579996442189,8501.487958000325,93.02865475756471
1788457888,64,,Aggregated,61.200000,0.000000,1400,1600,1800,1900,3000,4200,5000,5000,5000,5000,5000,13715,0,810,1174.2138802799125,0.5644579996442189,8501.487958000325,93.02865475756471
1788457889,64,POST,/predict,61.200000,0.000000,1400,1800,2000,2700,3500,5000,5000,5000,5000,5000,5000,13715,0,810,1174.2138802799125,0.5644579996442189,8501.487958000325,93.02865475756471
1788457889,64,,Aggregated,61.200000,0.000000,1400,1800,2000,2700,3500,5000,5000,5000,5000,5000,5000,13715,0,810,1174.2138802799125,0.5644579996442189,8501.487958000325,93.02865475756471
1788457890,64,POST,/predict,35.300000,0.000000,1400,2000,3500,4200,5100,5500,5500,5600,5600,5600,5600,13839,0,850,1187.597993556977,0.5644579996442189,8501.487958000325,93.02673603584074
1788457890,64,,Aggregated,35.300000,0.000000,1400,2000,3500,4200,5100,5500,5500,5600,5600,5600,5600,13839,0,850,1187.597993556977,0.5644579996442189,8501.487958000325,93.02673603584074
1788457891,64,POST,/predict,35.300000,0.000000,1400,2000,3500,4200,5100,5500,5500,5600,5600,5600,5600,13839,0,850,1187.597993556977,0.5644579996442189,8501.487958000325,93.02673603584074
1788457891,64,,Aggregated,35.300000,0.000000,1400,2000,3500,4200,5100,5500,5500,5600,5600,5600,5600,13839,0,850,1187.597993556977,0.5644579996442189,8501.487958000325,93.02673603584074
1788457892,64,POST,/predict,35.300000,0.000000,1800,3500,4200,5000,5400,5500,5600,5600,5600,5600,5600,13839,0,850,1187.597993556977,0.5644579996442189,8501.487958000325,93.02673603584074
1788457892,64,,Aggregated,35.300000,0.000000,1800,3500,4200,5000,5400,5500,5600,5600,5600,5600,5600,13839,0,850,1187.597993556977,0.5644579996442189,8501.487958000325,93.02673603584074
1788457893,64,POST,/predict,30.200000,0.000000,1400,2000,3500,4200,5100,5500,5500,5600,5600,5600,5600,13945,0,850,1184.3781684567236,0.5644579996442189,8501.487958000325,93.02811043384726
1788457893,64,,Aggregated,30.200000,0.000000,1400,2000,3500,4200,5100,5500,5500,5600,5600,5600,5600,13945,0,850,1184.3781684567236,0.5644579996442189,8501.487958000325,93.02811043384726
1788457894,64,POST,/predict,30.200000,0.000000,1400,1500,4100,4200,5400,5500,5600,5600,5600,5600,5600,13945,0,850,1184.3781684567236,0.5644579996442189,8501.487958000325,93.02811043384726
1788457894,64,,Aggregated,30.200000,0.000000,1400,1500,4100,4200,5400,5500,5600,5600,5600,5600,5600,13945,0,850,1184.3781684567236,0.5644579996442189,8501.487958000325,93.02811043384726
1788457895,64,POST,/predict,30.200000,0.000000,1400,1500,4100,4200,5400,5500,5600,5600,5600,5600,5600,13945,0,850,1184.3781684567236,0.5644579996442189,8501.487958000325,93.02811043384726
1788457895,64,,Aggregated,30.200000,0.000000,1400,1500,4100,4200,5400,5500,5600,5600,5600,5600,5600,13945,0,850,1184.3781684567236,0.5644579996442189,8501.487958000325,93.02811043384726
1788457896,64,POST,/predict,35.500000,0.000000,900,3500,4400,4500,5200,5500,5500,5600,5600,5600,5600,14039,0,850,1190.9971706143606,0.5509160000656266,8501.487958000325,93.02628392335636
1788457896,64,,Aggregated,35.500000,0.000000,900,3500,4400,4500,5200,5500,5500,5600,5600,5600,5600,14039,0,850,1190.9971706143606,0.5509160000656266,8501.487958000325,93.02628392335636
1788457897,64,POST,/predict,35.500000,0.000000,880,1500,4400,4500,5100,5500,5500,5500,5600,5600,5600,14039,0,850,1190.9971706143606,0.5509160000656266,8501.487958000325,93.02628392335636
1788457897,64,,Aggregated,35.500000,0.000000,880,1500,4400,4500,5100,5500,5500,5500,5600,5600,5600,14039,0,850,1190.9971706143606,0.5509160000656266,8501.487958000325,93.02628392335636
1788457898,64,POST,/predict,35.500000,0.000000,880,1500,4400,4500,5100,5500,5500,5500,5600,5600,5600,14039,0,850,1190.9971706143606,0.5509160000656266,8501.487958000325,93.02628392335636
1788457898,64,,Aggregated,35.500000,0.000000,880,1500,4400,4500,5100,5500,5500,5500,5600,5600,5600,14039,0,850,1190.9971706143606,0.5509160000656266,8501.487958000325,93.02628392335636
1788457899,64,POST,/predict,32.400000,0.000000,890,1700,2500,4400,5300,5400,5500,5500,5600,5600,5600,14197,0,860,1195.0978248548295,0.5509160000656266,8501.487958000325,93.02585053180249
1788457899,64,,Aggregated,32.400000,0.000000,890,1700,2500,4400,5300,5400,5500,5500,5600,5600,5600,14197,0,860,1195.0978248548295,0.5509160000656266,8501.487958000325,93.02585053180249
1788457900,64,POST,/predict,32.400000,0.000000,1400,1600,2400,2500,4500,5300,5300,5400,5400,5400,5400,14197,0,860,1195.0978248548295,0.5509160000656266,8501.487958000325,93.02585053180249
1788457900,64,,Aggregated,32.400000,0.000000,1400,1600,2400,2500,4500,5300,5300,5400,5400,5400,5400,14197,0,860,1195.0978248548295,0.5509160000656266,8501.487958000325,93.02585053180249
1788457901,64,POST,/predict,32.400000,0.000000,1400,1600,2400,2500,4500,5300,5300,5400,5400,5400,5400,14197,0,860,1195.0978248548295,0.5509160000656266,8501.487958000325,93.02585053180249
1788457901,64,,Aggregated,32.400000,0.000000,1400,1600,2400,2500,4500,5300,5300,5400,5400,5400,5400,14197,0,860,1195.0978248548295,0.5509160000656266,8501.487958000325,93.02585053180249
1788457902,64,POST,/predict,43.200000,0.000000,1400,2000,2300,2300,4400,5000,5300,5400,5400,5400,5400,14405,0,880,1194.2473843749397,0.5509160000656266,8501.487958000325,93.02554668517875
1788457902,64,,Aggregated,43.200000,0.000000,1400,2000,2300,2300,4400,5000,5300,5400,5400,5400,5400,14405,0,880,1194.2473843749397,0.5509160000656266,8501.487958000325,93.02554668517875
1788457903,64,POST,/predict,43.200000,0.000000,1600,2300,2300,2400,4400,5000,5300,5400,5400,5400,5400,14405,0,880,1194.2473843749397,0.5509160000656266,8501.487958000325,93.02554668517875
1788457903,64,,Aggregated,43.200000,0.000000,1600,2300,2300,2400,4400,5000,5300,5400,5400,5400,5400,14405,0,880,1194.2473843749397,0.5509160000656266,8501.487958000325,93.02554668517875
1788457904,64,POST,/predict,43.200000,0.000000,1600,2300,2300,2400,4400,5000,5300,5400,5400,5400,5400,14405,0,880,1194.2473843749397,0.5509160000656266,8501.487958000325,93.02554668517875
1788457904,64,,Aggregated,43.200000,0.000000,1600,2300,2300,2400,4400,5000,5300,5400,5400,5400,5400,14405,0,880,1194.2473843749397,0.5509160000656266,8501.487958000325,93.02554668517875
1788457905,64,POST,/predict,38.000000,0.000000,1500,2000,2300,2300,2500,4500,5300,5300,5400,5400,5400,14570,0,880,1191.9067795646542,0.5509160000656266,8501.487958000325,93.02697323266987
1788457905,64,,Aggregated,38.000000,0.000000,1500,2000,2300,2300,2500,4500,5300,5300,5400,5400,5400,14570,0,880,1191.9067795646542,0.5509160000656266,8501.487958000325,93.02697323266987
1788457906,64,POST,/predict,38.000000,0.000000,1500,2000,2300,2300,2400,2500,5300,5300,5400,5400,5400,14570,0,880,1191.9067795646542,0.5509160000656266,8501.487958000325,93.02697323266987
1788457906,64,,Aggregated,38.000000,0.000000,1500,2000,2300,2300,2400,2500,5300,5300,5400,5400,5400,14570,0,880,1191.9067795646542,0.5509160000656266,8501.487958000325,93.02697323266987
1788457907,64,POST,/predict,38.000000,0.000000,1500,2000,2300,2300,2400,2500,5300,5300,5400,5400,5400,14570,0,880,1191.9067795646542,0.5509160000656266,8501.487958000325,93.02697323266987
1788457907,64,,Aggregated,38.000000,0.000000,1500,2000,2300,2300,2400,2500,5300,5300,5400,5400,5400,14570,0,880,1191.9067795646542,0.5509160000656266,8501.487958000325,93.02697323266987
1788457908,64,POST,/predict,62.500000,0.000000,1500,2000,2200,2300,2400,2800,3000,5300,5400,5400,5400,14695,0,880,1190.4495358719983,0.5509160000656266,8501.487958000325,93.02756039469207
1788457908,64,,Aggregated,62.500000,0.000000,1500,2000,2200,2300,2400,2800,3000,5300,5400,5400,5400,14695,0,880,1190.4495358719983,0.5509160000656266,8501.487958000325,93.02756039469207
1788457909,64,POST,/predict,62.500000,0.000000,1500,2000,2200,2300,2400,2800,3000,5300,5400,5400,5400,14695,0,880,1190.4495358719983,0.5509160000656266,8501.487958000325,93.02756039469207
1788457909,64,,Aggregated,62.500000,0.000000,1500,2000,2200,2300,2400,2800,3000,5300,5400,5400,5400,14695,0,880,1190.4495358719983,0.5509160000656266,8501.487958000325,93.02756039469207
1788457910,64,POST,/predict,62.500000,0.000000,1500,1900,2000,2100,2300,2400,2800,2900,3000,3000,3000,14695,0,880,1190.4495358719983,0.5509160000656266,8501.487958000325,93.02756039469207
1788457910,64,,Aggregated,62.500000,0.000000,1500,1900,2000,2100,2300,2400,2800,2900,3000,3000,3000,14695,0,880,1190.4495358719983,0.5509160000656266,8501.487958000325,93.02756039469207
1788457911,64,POST,/predict,49.800000,0.000000,1200,1600,2000,2300,2400,3600,3700,3900,3900,3900,3900,14944,0,890,1190.4371600844495,0.5509160000656266,8501.487958000325,93.02736884368308
1788457911,64,,Aggregated,49.800000,0.000000,1200,1600,2000,2300,2400,3600,3700,3900,3900,3900,3900,14944,0,890,1190.4371600844495,0.5509160000656266,8501.487958000325,93.02736884368308
1788457912,64,POST,/predict,49.800000,0.000000,1200,1600,2000,2300,2400,3600,3700,3900,3900,3900,3900,14944,0,890,1190.4371600844495,0.5509160000656266,8501.487958000325,93.02736884368308
1788457912,64,,Aggregated,49.800000,0.000000,1200,1600,2000,2300,2400,3600,3700,3900,3900,3900,3900,14944,0,890,1190.4371600844495,0.5509160000656266,8501.487958000325,93.02736884368308
1788457913,64,POST,/predict,49.800000,0.000000,1200,1500,1800,2000,2900,3600,3800,3900,3900,3900,3900,14944,0,890,1190.4371600844495,0.5509160000656266,8501.487958000325,93.02736884368308
1788457913,64,,Aggregated,49.800000,0.000000,1200,1500,1800,2000,2900,3600,3800,3900,3900,3900,3900,14944,0,890,1190.4371600844495,0.5509160000656266,8501.487958000325,93.02736884368308
1788457914,64,POST,/predict,61.900000,0.000000,1200,1400,1500,1600,2400,3600,3700,3900,3900,3900,3900,15171,0,900,1184.2348913174476,0.5509160000656266,8501.487958000325,93.02999143101971
1788457914,64,,Aggregated,61.900000,0.000000,1200,1400,1500,1600,2400,3600,3700,3900,3900,3900,3900,15171,0,900,1184.2348913174476,0.5509160000656266,8501.487958000325,93.02999143101971
1788457915,64,POST,/predict,61.900000,0.000000,1200,1400,1500,1500,2400,3600,3800,3900,3900,3900,3900,15171,0,900,1184.2348913174476,0.5509160000656266,8501.487958000325,93.02999143101971
1788457915,64,,Aggregated,61.900000,0.000000,1200,1400,1500,1500,2400,3600,3800,3900,3900,3900,3900,15171,0,900,1184.2348913174476,0.5509160000656266,8501.487958000325,93.02999143101971
1788457916,64,POST,/predict,60.500000,0.000000,1200,1400,1500,1500,2400,3600,3700,3900,3900,3900,3900,15229,0,900,1182.7232084732418,0.5509160000656266,8501.487958000325,93.03066517827828
1788457916,64,,Aggregated,60.500000,0.000000,1200,1400,1500,1500,2400,3600,3700,3900,3900,3900,3900,15229,0,900,1182.7232084732418,0.5509160000656266,8501.487958000325,93.03066517827828
1788457917,64,POST,/predict,62.200000,0.000000,1200,1300,1400,1500,1800,3600,3700,3900,3900,3900,3900,15413,0,910,1177.1842318800364,0.5509160000656266,8501.487958000325,93.03153182378512
1788457917,64,,Aggregated,62.200000,0.000000,1200,1300,1400,1500,1800,3600,3700,3900,3900,3900,3900,15413,0,910,1177.1842318800364,0.5509160000656266,8501.487958000325,93.03153182378512
1788457918,64,POST,/predict,62.200000,0.000000,1200,1300,1400,1500,1800,3600,3700,3900,3900,3900,3900,15413,0,910,1177.1842318800364,0.5509160000656266,8501.487958000325,93.03153182378512
1788457918,64,,Aggregated,62.200000,0.000000,1200,1300,1400,1500,1800,3600,3700,3900,3900,3900,3900,15413,0,910,1177.1842318800364,0.5509160000656266,8501.487958000325,93.03153182378512
1788457919,64,POST,/predict,72.500000,0.000000,1200,1300,1400,1400,1800,3600,3700,3900,3900,3900,3900,15450,0,900,1176.4788596689966,0.5509160000656266,8501.487958000325,93.03087378640777
1788457919,64,,Aggregated,72.500000,0.000000,1200,1300,1400,1400,1800,3600,3700,3900,3900,3900,3900,15450,0,900,1176.4788596689966,0.5509160000656266,8501.487958000325,93.03087378640777
1788457920,64,POST,/predict,72.500000,0.000000,1200,1300,1400,1500,2000,2400,3700,3800,3900,3900,3900,15549,0,900,1175.319607963663,0.5509160000656266,8501.487958000325,93.03067721396874
1788457920,64,,Aggregated,72.500000,0.000000,1200,1300,1400,1500,2000,2400,3700,3800,3900,3900,3900,15549,0,900,1175.319607963663,0.5509160000656266,8501.487958000325,93.03067721396874
1788457921,64,POST,/predict,72.500000,0.000000,1200,1300,1400,1500,2000,2400,3700,3800,3900,3900,3900,15549,0,900,1175.319607963663,0.5509160000656266,8501.487958000325,93.03067721396874
1788457921,64,,Aggregated,72.500000,0.000000,1200,1300,1400,1500,2000,2400,3700,3800,3900,3900,3900,15549,0,900,1175.319607963663,0.5509160000656266,8501.487958000325,93.03067721396874
1788457922,64,POST,/predict,72.300000,0.000000,1200,1300,1400,1500,2000,2100,2300,2300,2300,2300,2300,15693,0,900,1172.940957872172,0.5509160000656266,8501.487958000325,93.031670171414
1788457922,64,,Aggregated,72.300000,0.000000,1200,1300,1400,1500,2000,2100,2300,2300,2300,2300,2300,15693,0,900,1172.940957872172,0.5509160000656266,8501.487958000325,93.031670171414
1788457923,64,POST,/predict,77.300000,0.000000,1200,1400,1500,1700,2000,2200,2300,2300,2300,2300,2300,15845,0,910,1170.8104453908481,0.5509160000656266,8501.487958000325,93.03256547806879
1788457923,64,,Aggregated,77.300000,0.000000,1200,1400,1500,1700,2000,2200,2300,2300,2300,2300,2300,15845,0,910,1170.8104453908481,0.5509160000656266,8501.487958000325,93.03256547806879
1788457924,64,POST,/predict,77.300000,0.000000,1200,1400,1500,1700,2000,2200,2300,2300,2300,2300,2300,15845,0,910,1170.8104453908481,0.5509160000656266,8501.487958000325,93.03256547806879
1788457924,64,,Aggregated,77.300000,0.000000,1200,1400,1500,1700,2000,2200,2300,2300,2300,2300,2300,15845,0,910,1170.8104453908481,0.5509160000656266,8501.487958000325,93.03256547806879
1788457925,64,POST,/predict,76.600000,0.000000,1100,1400,1500,1700,2200,2300,2400,2400,2400,2400,2400,16044,0,910,1165.9345438668652,0.5509160000656266,8501.487958000325,93.03359511343804
1788457925,64,,Aggregated,76.600000,0.000000,1100,1400,1500,1700,2200,2300,2400,2400,2400,2400,2400,16044,0,910,1165.9345438668652,0.5509160000656266,8501.487958000325,93.03359511343804
1788457926,64,POST,/predict,76.600000,0.000000,1100,1400,1500,1700,2200,2300,2400,2400,2400,2400,2400,16044,0,910,1165.9345438668652,0.5509160000656266,8501.487958000325,93.03359511343804
1788457926,64,,Aggregated,76.600000,0.000000,1100,1400,1500,1700,2200,2300,2400,2400,2400,2400,2400,16044,0,910,1165.9345438668652,0.5509160000656266,8501.487958000325,93.03359511343804
1788457927,64,POST,/predict,76.600000,0.000000,1100,1400,1500,1700,2200,2300,2400,2400,2400,2400,2400,16044,0,910,1165.9345438668652,0.5509160000656266,8501.487958000325,93.03359511343804
1788457927,64,,Aggregated,76.600000,0.000000,1100,1400,1500,1700,2200,2300,2400,2400,2400,2400,2400,16044,0,910,1165.9345438668652,0.5509160000656266,8501.487958000325,93.03359511343804
1788457928,64,POST,/predict,67.100000,0.000000,1100,1500,1800,2000,2200,2300,2400,2400,2400,2400,2400,16240,0,930,1164.3344270248142,0.5509160000656266,8501.487958000325,93.03454433497537
1788457928,64,,Aggregated,67.100000,0.000000,1100,1500,1800,2000,2200,2300,2400,2400,2400,2400,2400,16240,0,930,1164.3344270248142,0.5509160000656266,8501.487958000325,93.03454433497537
1788457929,64,POST,/predict,67.100000,0.000000,1100,1500,1800,2000,2200,2300,2400,2400,2400,2400,2400,16240,0,930,1164.3344270248142,0.5509160000656266,8501.487958000325,93.03454433497537
1788457929,64,,Aggregated,67.100000,0.000000,1100,1500,1800,2000,2200,2300,2400,2400,2400,2400,2400,16240,0,930,1164.3344270248142,0.5509160000656266,8501.487958000325,93.03454433497537
1788457930,64,POST,/predict,67.100000,0.000000,1100,1500,1800,2000,2200,2300,2400,2400,2400,2400,2400,16240,0,930,1164.3344270248142,0.5509160000656266,8501.487958000325,93.03454433497537
1788457930,64,,Aggregated,67.100000,0.000000,1100,1500,1800,2000,2200,2300,2400,2400,2400,2400,2400,16240,0,930,1164.3344270248142,0.5509160000656266,8501.487958000325,93.03454433497537
1788457931,64,POST,/predict,69.100000,0.000000,1100,1500,1900,2200,2400,3100,3500,3600,3700,3700,3700,16381,0,920,1167.1943659935891,0.5509160000656266,8501.487958000325,93.03406385446554
1788457931,64,,Aggregated,69.100000,0.000000,1100,1500,1900,2200,2400,3100,3500,3600,3700,3700,3700,16381,0,920,1167.1943659935891,0.5509160000656266,8501.487958000325,93.03406385446554
1788457932,64,POST,/predict,69.100000,0.000000,1100,1500,1900,2200,2400,3100,3500,3600,3700,3700,3700,16381,0,920,1167.1943659935891,0.5509160000656266,8501.487958000325,93.03406385446554
1788457932,64,,Aggregated,69.100000,0.000000,1100,1500,1900,2200,2400,3100,3500,3600,3700,3700,3700,16381,0,920,1167.1943659935891,0.5509160000656266,8501.487958000325,93.03406385446554
