Timestamp,User Count,Type,Name,Requests/s,Failures/s,50%,66%,75%,80%,90%,95%,98%,99%,99.9%,99.99%,100%,Total Request Count,Total Failure Count,Total Median Response Time,Total Average Response Time,Total Min Response Time,Total Max Response Time,Total Average Content Size
1788458052,0,,Aggregated,0.000000,0.000000,N/A,N/A,N/A,N/A,N/A,N/A,N/A,N/A,N/A,N/A,N/A,0,0,0,0.0,0,0,0
1788458053,0,,Aggregated,0.000000,0.000000,N/A,N/A,N/A,N/A,N/A,N/A,N/A,N/A,N/A,N/A,N/A,0,0,0,0.0,0,0,0
1788458054,25,,Aggregated,0.000000,0.000000,N/A,N/A,N/A,N/A,N/A,N/A,N/A,N/A,N/A,N/A,N/A,0,0,0,0.0,0,0,0
1788458055,25,,Aggregated,0.000000,0.000000,N/A,N/A,N/A,N/A,N/A,N/A,N/A,N/A,N/A,N/A,N/A,0,0,0,0.0,0,0,0
1788458056,25,,Aggregated,0.000000,0.000000,N/A,N/A,N/A,N/A,N/A,N/A,N/A,N/A,N/A,N/A,N/A,0,0,0,0.0,0,0,0
1788458057,25,,Aggregated,0.000000,0.000000,N/A,N/A,N/A,N/A,N/A,N/A,N/A,N/A,N/A,N/A,N/A,0,0,0,0.0,0,0,0
1788458058,25,,Aggregated,0.000000,0.000000,N/A,N/A,N/A,N/A,N/A,N/A,N/A,N/A,N/A,N/A,N/A,0,0,0,0.0,0,0,0
1788458059,25,POST,/predict,0.000000,0.000000,0,0,0,0,0,0,0,0,0,0,0,5,0,4400,4401.354250199984,4396.340500000406,4406.872083999588,92.8
1788458059,25,,Aggregated,0.000000,0.000000,4400,4400,4400,4400,4400,4400,4400,4400,4400,4400,4400,5,0,4400,4401.354250199984,4396.340500000406,4406.872083999588,92.8
1788458060,25,POST,/predict,0.000000,0.000000,4400,4400,4400,4400,4400,4400,4400,4400,4400,4400,4400,5,0,4400,4401.354250199984,4396.340500000406,4406.872083999588,92.8
1788458060,25,,Aggregated,0.000000,0.000000,4400,4400,4400,4400,4400,4400,4400,4400,4400,4400,4400,5,0,4400,4401.354250199984,4396.340500000406,4406.872083999588,92.8
1788458061,25,POST,/predict,0.000000,0.000000,4400,4400,4400,4400,4400,4400,4400,4400,4400,4400,4400,5,0,4400,4401.354250199984,4396.340500000406,4406.872083999588,92.8
1788458061,25,,Aggregated,0.000000,0.000000,4400,4400,4400,4400,4400,4400,4400,4400,4400,4400,4400,5,0,4400,4401.354250199984,4396.340500000406,4406.872083999588,92.8
1788458062,25,POST,/predict,6.000000,0.000000,350,450,640,950,1100,5100,5100,5100,5100,5100,5100,257,0,360,760.7892433501944,1.3100830001349095,5070.680208999875,93.147859922179
1788458062,25,,Aggregated,6.000000,0.000000,360,450,740,960,1100,5100,5100,5100,5100,5100,5100,257,0,360,760.7892433501944,1.3100830001349095,5070.680208999875,93.147859922179
1788458063,25,POST,/predict,6.000000,0.000000,350,450,640,950,1100,5100,5100,5100,5100,5100,5100,257,0,360,760.7892433501944,1.3100830001349095,5070.680208999875,93.147859922179
1788458063,25,,Aggregated,6.000000,0.000000,360,450,740,960,1100,5100,5100,5100,5100,5100,5100,257,0,360,760.7892433501944,1.3100830001349095,5070.680208999875,93.147859922179
1788458064,25,POST,/predict,6.000000,0.000000,350,450,640,950,1100,5100,5100,5100,5100,5100,5100,257,0,360,760.7892433501944,1.3100830001349095,5070.680208999875,93.147859922179
1788458064,25,,Aggregated,6.000000,0.000000,360,450,740,960,1100,5100,5100,5100,5100,5100,5100,257,0,360,760.7892433501944,1.3100830001349095,5070.680208999875,93.147859922179
1788458065,25,POST,/predict,30.888889,0.000000,140,320,370,430,620,1000,5100,5100,5100,5100,5100,690,0,180,390.7750446710214,0.9362920000057784,5070.680208999875,93.19130434782609
1788458065,25,,Aggregated,30.888889,0.000000,190,330,380,440,630,1000,5100,5100,5100,5100,5100,690,0,180,390.7750446710214,0.9362920000057784,5070.680208999875,93.19130434782609
1788458066,25,POST,/predict,30.888889,0.000000,140,320,370,430,620,1000,5100,5100,5100,5100,5100,690,0,180,390.7750446710214,0.9362920000057784,5070.680208999875,93.19130434782609
1788458066,25,,Aggregated,30.888889,0.000000,140,320,370,430,620,1000,5100,5100,5100,5100,5100,690,0,180,390.7750446710214,0.9362920000057784,5070.680208999875,93.19130434782609
1788458067,25,POST,/predict,30.888889,0.000000,140,320,370,430,620,1000,5100,5100,5100,5100,5100,690,0,180,390.7750446710214,0.9362920000057784,5070.680208999875,93.19130434782609
1788458067,25,,Aggregated,30.888889,0.000000,140,320,370,430,620,1000,5100,5100,5100,5100,5100,690,0,180,390.7750446710214,0.9362920000057784,5070.680208999875,93.19130434782609
1788458068,25,POST,/predict,69.000000,0.000000,72,330,400,450,570,770,4400,5100,5100,5100,5100,1042,0,120,327.9844220940655,0.5963749999864376,5070.680208999875,93.17370441458733
1788458068,25,,Aggregated,69.000000,0.000000,72,330,400,450,570,770,4400,5100,5100,5100,5100,1042,0,120,327.9844220940655,0.5963749999864376,5070.680208999875,93.17370441458733
1788458069,25,POST,/predict,69.000000,0.000000,72,330,400,450,570,770,4400,5100,5100,5100,5100,1042,0,120,327.9844220940655,0.5963749999864376,5070.680208999875,93.17370441458733
1788458069,25,,Aggregated,69.000000,0.000000,72,330,400,450,570,770,4400,5100,5100,5100,5100,1042,0,120,327.9844220940655,0.5963749999864376,5070.680208999875,93.17370441458733
1788458070,25,POST,/predict,69.000000,0.000000,20,320,370,440,530,630,1000,5100,5100,5100,5100,1042,0,120,327.9844220940655,0.5963749999864376,5070.680208999875,93.17370441458733
1788458070,25,,Aggregated,69.000000,0.000000,20,320,370,440,530,630,1000,5100,5100,5100,5100,1042,0,120,327.9844220940655,0.5963749999864376,5070.680208999875,93.17370441458733
1788458071,25,POST,/predict,106.600000,0.000000,23,330,430,460,650,1000,1200,5100,5100,5100,5100,1201,0,130,345.9178323863634,0.5963749999864376,5070.680208999875,93.14487926727728
1788458071,25,,Aggregated,106.600000,0.000000,23,330,430,460,650,1000,1200,5100,5100,5100,5100,1201,0,130,345.9178323863634,0.5963749999864376,5070.680208999875,93.14487926727728
1788458072,25,POST,/predict,106.600000,0.000000,23,330,430,460,650,1000,1200,5100,5100,5100,5100,1201,0,130,345.9178323863634,0.5963749999864376,5070.680208999875,93.14487926727728
1788458072,25,,Aggregated,106.600000,0.000000,23,330,430,460,650,1000,1200,5100,5100,5100,5100,1201,0,130,345.9178323863634,0.5963749999864376,5070.680208999875,93.14487926727728
1788458073,25,POST,/predict,106.600000,0.000000,18,320,420,470,610,890,1100,1200,1400,1400,1400,1201,0,130,345.9178323863634,0.5963749999864376,5070.680208999875,93.14487926727728
1788458073,25,,Aggregated,106.600000,0.000000,18,320,420,470,610,890,1100,1200,1400,1400,1400,1201,0,130,345.9178323863634,0.5963749999864376,5070.680208999875,93.14487926727728
1788458074,25,POST,/predict,105.300000,0.000000,110,340,460,520,780,1100,1300,1400,1500,1500,1500,1322,0,180,364.90629872013704,0.5963749999864376,5070.680208999875,93.1323751891074
1788458074,25,,Aggregated,105.300000,0.000000,110,340,460,520,780,1100,1300,1400,1500,1500,1500,1322,0,180,364.90629872013704,0.5963749999864376,5070.680208999875,93.1323751891074
1788458075,25,POST,/predict,105.300000,0.000000,110,340,460,520,780,1100,1300,1400,1500,1500,1500,1322,0,180,364.90629872013704,0.5963749999864376,5070.680208999875,93.1323751891074
1788458075,25,,Aggregated,105.300000,0.000000,110,340,460,520,780,1100,1300,1400,1500,1500,1500,1322,0,180,364.90629872013704,0.5963749999864376,5070.680208999875,93.1323751891074
1788458076,25,POST,/predict,105.300000,0.000000,200,470,610,700,1000,1200,1400,1400,1500,1500,1500,1322,0,180,364.90629872013704,0.5963749999864376,5070.680208999875,93.1323751891074
1788458076,25,,Aggregated,105.300000,0.000000,200,470,610,700,1000,1200,1400,1400,1500,1500,1500,1322,0,180,364.90629872013704,0.5963749999864376,5070.680208999875,93.1323751891074
1788458077,25,POST,/predict,75.000000,0.000000,110,470,620,670,1100,1400,1700,1700,1700,1700,1700,1552,0,130,368.9138892519504,0.5963749999864376,5070.680208999875,93.11920103092784
1788458077,25,,Aggregated,75.000000,0.000000,110,470,620,670,1100,1400,1700,1700,1700,1700,1700,1552,0,130,368.9138892519504,0.5963749999864376,5070.680208999875,93.11920103092784
1788458078,25,POST,/predict,75.000000,0.000000,110,470,620,670,1100,1400,1700,1700,1700,1700,1700,1552,0,130,368.9138892519504,0.5963749999864376,5070.680208999875,93.11920103092784
1788458078,25,,Aggregated,75.000000,0.000000,110,470,620,670,1100,1400,1700,1700,1700,1700,1700,1552,0,130,368.9138892519504,0.5963749999864376,5070.680208999875,93.11920103092784
1788458079,25,POST,/predict,75.000000,0.000000,210,650,770,920,1200,1500,1700,1700,1700,1700,1700,1552,0,130,368.9138892519504,0.5963749999864376,5070.680208999875,93.11920103092784
1788458079,25,,Aggregated,75.000000,0.000000,210,650,770,920,1200,1500,1700,1700,1700,1700,1700,1552,0,130,368.9138892519504,0.5963749999864376,5070.680208999875,93.11920103092784
1788458080,25,POST,/predict,63.400000,0.000000,320,500,650,670,1100,1400,1700,1700,1700,1700,1700,1818,0,200,353.79566178218937,0.5963749999864376,5070.680208999875,93.12211221122112
1788458080,25,,Aggregated,63.400000,0.000000,320,500,650,670,1100,1400,1700,1700,1700,1700,1700,1818,0,200,353.79566178218937,0.5963749999864376,5070.680208999875,93.12211221122112
1788458081,25,POST,/predict,63.400000,0.000000,320,500,650,670,1100,1400,1700,1700,1700,1700,1700,1818,0,200,353.79566178218937,0.5963749999864376,5070.680208999875,93.12211221122112
1788458081,25,,Aggregated,63.400000,0.000000,320,500,650,670,1100,1400,1700,1700,1700,1700,1700,1818,0,200,353.79566178218937,0.5963749999864376,5070.680208999875,93.12211221122112
1788458082,25,POST,/predict,63.400000,0.000000,320,480,540,650,1000,1400,1700,1700,1700,1700,1700,1818,0,200,353.79566178218937,0.5963749999864376,5070.680208999875,93.12211221122112
1788458082,25,,Aggregated,63.400000,0.000000,320,480,540,650,1000,1400,1700,1700,1700,1700,1700,1818,0,200,353.79566178218937,0.5963749999864376,5070.680208999875,93.12211221122112
1788458083,25,POST,/predict,66.800000,0.000000,320,480,610,660,1200,1400,1700,1700,1700,1700,1700,1979,0,200,359.46450492168185,0.5963749999864376,5070.680208999875,93.10965133906014
1788458083,25,,Aggregated,66.800000,0.000000,320,480,610,660,1200,1400,1700,1700,1700,1700,1700,1979,0,200,359.46450492168185,0.5963749999864376,5070.680208999875,93.10965133906014
1788458084,25,POST,/predict,66.800000,0.000000,320,480,610,660,1200,1400,1700,1700,1700,1700,1700,1979,0,200,359.46450492168185,0.5963749999864376,5070.680208999875,93.10965133906014
1788458084,25,,Aggregated,66.800000,0.000000,320,480,610,660,1200,1400,1700,1700,1700,1700,1700,1979,0,200,359.46450492168185,0.5963749999864376,5070.680208999875,93.10965133906014
1788458085,25,POST,/predict,66.800000,0.000000,240,470,530,610,710,1400,1700,1700,1700,1700,1700,1979,0,200,359.46450492168185,0.5963749999864376,5070.680208999875,93.10965133906014
1788458085,25,,Aggregated,66.800000,0.000000,240,470,530,610,710,1400,1700,1700,1700,1700,1700,1979,0,200,359.46450492168185,0.5963749999864376,5070.680208999875,93.10965133906014
1788458086,25,POST,/predict,68.600000,0.000000,310,480,580,650,1400,1700,2700,2700,2800,2800,2800,2033,0,210,387.20306672848193,0.5963749999864376,5070.680208999875,93.10624692572553
1788458086,25,,Aggregated,68.600000,0.000000,310,480,580,650,1400,1700,2700,2700,2800,2800,2800,2033,0,210,387.20306672848193,0.5963749999864376,5070.680208999875,93.10624692572553
1788458087,25,POST,/predict,68.600000,0.000000,310,480,580,650,1400,1700,2700,2700,2800,2800,2800,2033,0,210,387.20306672848193,0.5963749999864376,5070.680208999875,93.10624692572553
1788458087,25,,Aggregated,68.600000,0.000000,310,480,580,650,1400,1700,2700,2700,2800,2800,2800,2033,0,210,387.20306672848193,0.5963749999864376,5070.680208999875,93.10624692572553
1788458088,25,POST,/predict,68.600000,0.000000,320,480,610,670,1400,2200,2700,2700,2800,2800,2800,2033,0,210,387.20306672848193,0.5963749999864376,5070.680208999875,93.10624692572553
1788458088,25,,Aggregated,68.600000,0.000000,320,480,610,670,1400,2200,2700,2700,2800,2800,2800,2033,0,210,387.20306672848193,0.5963749999864376,5070.680208999875,93.10624692572553
1788458089,25,POST,/predict,59.500000,0.000000,240,500,620,700,1400,2400,2700,2700,2800,2800,2800,2097,0,200,394.82594315212305,0.5963749999864376,5070.680208999875,93.10729613733906
1788458089,25,,Aggregated,59.500000,0.000000,240,500,620,700,1400,2400,2700,2700,2800,2800,2800,2097,0,200,394.82594315212305,0.5963749999864376,5070.680208999875,93.10729613733906
1788458090,25,POST,/predict,59.500000,0.000000,240,500,620,700,1400,2400,2700,2700,2800,2800,2800,2097,0,200,394.82594315212305,0.5963749999864376,5070.680208999875,93.10729613733906
1788458090,25,,Aggregated,59.500000,0.000000,240,500,620,700,1400,2400,2700,2700,2800,2800,2800,2097,0,200,394.82594315212305,0.5963749999864376,5070.680208999875,93.10729613733906
1788458091,25,POST,/predict,35.500000,0.000000,38,710,1400,1400,2700,2700,4800,4800,4800,4800,4800,2111,0,200,410.52041727759433,0.5963749999864376,5070.680208999875,93.10326859308384
1788458091,25,,Aggregated,35.500000,0.000000,38,710,1400,1400,2700,2700,4800,4800,4800,4800,4800,2111,0,200,410.52041727759433,0.5963749999864376,5070.680208999875,93.10326859308384
1788458092,25,POST,/predict,35.500000,0.000000,32,740,1400,1600,2700,4800,4800,4800,4800,4800,4800,2134,0,200,430.9800248144358,0.5963749999864376,5070.680208999875,93.09981255857545
1788458092,25,,Aggregated,35.500000,0.000000,32,740,1400,1600,2700,4800,4800,4800,4800,4800,4800,2134,0,200,430.9800248144358,0.5963749999864376,5070.680208999875,93.09981255857545
1788458093,25,POST,/predict,35.500000,0.000000,32,740,1400,1600,2700,4800,4800,4800,4800,4800,4800,2134,0,200,430.9800248144358,0.5963749999864376,5070.680208999875,93.09981255857545
1788458093,25,,Aggregated,35.500000,0.000000,32,740,1400,1600,2700,4800,4800,4800,4800,4800,4800,2134,0,200,430.9800248144358,0.5963749999864376,5070.680208999875,93.09981255857545
1788458094,25,POST,/predict,18.900000,0.000000,490,1400,2000,2000,4100,4800,4800,4800,4800,4800,4800,2249,0,210,450.6056250693699,0.5963749999864376,5070.680208999875,93.09159626500667
1788458094,25,,Aggregated,18.900000,0.000000,490,1400,2000,2000,4100,4800,4800,4800,4800,4800,4800,2249,0,210,450.6056250693699,0.5963749999864376,5070.680208999875,93.09159626500667
1788458095,25,POST,/predict,18.900000,0.000000,490,1400,2000,2000,4100,4800,4800,4800,4800,4800,4800,2249,0,210,450.6056250693699,0.5963749999864376,5070.680208999875,93.09159626500667
1788458095,25,,Aggregated,18.900000,0.000000,490,1400,2000,2000,4100,4800,4800,4800,4800,4800,4800,2249,0,210,450.6056250693699,0.5963749999864376,5070.680208999875,93.09159626500667
1788458096,25,POST,/predict,18.900000,0.000000,490,1400,2000,2000,4100,4800,4800,4800,4800,4800,4800,2249,0,210,450.6056250693699,0.5963749999864376,5070.680208999875,93.09159626500667
1788458096,25,,Aggregated,18.900000,0.000000,490,1400,2000,2000,4100,4800,4800,4800,4800,4800,4800,2249,0,210,450.6056250693699,0.5963749999864376,5070.680208999875,93.09159626500667
1788458097,25,POST,/predict,26.100000,0.000000,480,1400,1600,2000,4100,4800,4800,4800,4800,4800,4800,2296,0,220,463.2581803096761,0.5963749999864376,5070.680208999875,93.09407665505226
1788458097,25,,Aggregated,26.100000,0.000000,480,1400,1600,2000,4100,4800,4800,4800,4800,4800,4800,2296,0,220,463.2581803096761,0.5963749999864376,5070.680208999875,93.09407665505226
1788458098,25,POST,/predict,26.100000,0.000000,480,1400,1600,2000,4100,4800,4800,4800,4800,4800,4800,2296,0,220,463.2581803096761,0.5963749999864376,5070.680208999875,93.09407665505226
1788458098,25,,Aggregated,26.100000,0.000000,480,1400,1600,2000,4100,4800,4800,4800,4800,4800,4800,2296,0,220,463.2581803096761,0.5963749999864376,5070.680208999875,93.09407665505226
1788458099,25,POST,/predict,26.100000,0.000000,510,1500,1900,2000,4100,4800,4800,4800,4800,4800,4800,2296,0,220,463.2581803096761,0.5963749999864376,5070.680208999875,93.09407665505226
1788458099,25,,Aggregated,26.100000,0.000000,510,1500,1900,2000,4100,4800,4800,4800,4800,4800,4800,2296,0,220,463.2581803096761,0.5963749999864376,5070.680208999875,93.09407665505226
1788458101,25,POST,/predict,23.200000,0.000000,490,1500,2000,2000,3000,4800,4800,4800,4800,4800,4800,2334,0,210,475.27215254113776,0.5963749999864376,5070.680208999875,93.0916880891174
1788458101,25,,Aggregated,23.200000,0.000000,490,1500,2000,2000,3000,4800,4800,4800,4800,4800,4800,2334,0,210,475.27215254113776,0.5963749999864376,5070.680208999875,93.0916880891174
1788458102,25,POST,/predict,23.200000,0.000000,490,1500,2000,2000,3000,4800,4800,4800,4800,4800,4800,2334,0,210,475.27215254113776,0.5963749999864376,5070.680208999875,93.0916880891174
1788458102,25,,Aggregated,23.200000,0.000000,490,1500,2000,2000,3000,4800,4800,4800,4800,4800,4800,2334,0,210,475.27215254113776,0.5963749999864376,5070.680208999875,93.0916880891174
1788458103,25,POST,/predict,23.200000,0.000000,510,1500,2000,2000,2700,2900,3100,4100,4200,4200,4200,2334,0,210,475.27215254113776,0.5963749999864376,5070.680208999875,93.0916880891174
1788458103,25,,Aggregated,23.200000,0.000000,510,1500,2000,2000,2700,2900,3100,4100,4200,4200,4200,2334,0,210,475.27215254113776,0.5963749999864376,5070.680208999875,93.0916880891174
1788458104,25,POST,/predict,23.700000,0.000000,530,1500,2000,2600,2900,5800,5800,5800,5800,5800,5800,2347,0,220,495.00796800384194,0.5963749999864376,5839.543582999795,93.09075415423945
1788458104,25,,Aggregated,23.700000,0.000000,530,1500,2000,2600,2900,5800,5800,5800,5800,5800,5800,2347,0,220,495.00796800384194,0.5963749999864376,5839.543582999795,93.09075415423945
1788458105,25,POST,/predict,23.700000,0.000000,530,1500,2000,2600,2900,5800,5800,5800,5800,5800,5800,2347,0,220,495.00796800384194,0.5963749999864376,5839.543582999795,93.09075415423945
1788458105,25,,Aggregated,23.700000,0.000000,530,1500,2000,2600,2900,5800,5800,5800,5800,5800,5800,2347,0,220,495.00796800384194,0.5963749999864376,5839.543582999795,93.09075415423945
1788458106,25,POST,/predict,23.700000,0.000000,1400,2600,2700,2700,5800,5800,5800,5800,5800,5800,5800,2347,0,220,495.00796800384194,0.5963749999864376,5839.543582999795,93.09075415423945
1788458106,25,,Aggregated,23.700000,0.000000,1400,2600,2700,2700,5800,5800,5800,5800,5800,5800,5800,2347,0,220,495.00796800384194,0.5963749999864376,5839.543582999795,93.09075415423945
1788458107,25,POST,/predict,15.900000,0.000000,68,2600,2900,3500,7200,7300,7300,7400,7400,7400,7400,2417,0,210,543.4597961605373,0.5963749999864376,7351.241125000342,93.08895324782789
1788458107,25,,Aggregated,15.900000,0.000000,68,2600,2900,3500,7200,7300,7300,7400,7400,7400,7400,2417,0,210,543.4597961605373,0.5963749999864376,7351.241125000342,93.08895324782789
1788458108,25,POST,/predict,15.900000,0.000000,58,3100,3600,5800,7300,7300,7300,7400,7400,7400,7400,2417,0,210,543.4597961605373,0.5963749999864376,7351.241125000342,93.08895324782789
1788458108,25,,Aggregated,15.900000,0.000000,58,3100,3600,5800,7300,7300,7300,7400,7400,7400,7400,2417,0,210,543.4597961605373,0.5963749999864376,7351.241125000342,93.08895324782789
1788458109,25,POST,/predict,15.900000,0.000000,58,3100,3600,5800,7300,7300,7300,7400,7400,7400,7400,2417,0,210,543.4597961605373,0.5963749999864376,7351.241125000342,93.08895324782789
1788458109,25,,Aggregated,15.900000,0.000000,58,3100,3600,5800,7300,7300,7300,7400,7400,7400,7400,2417,0,210,543.4597961605373,0.5963749999864376,7351.241125000342,93.08895324782789
1788458110,25,POST,/predict,16.700000,0.000000,21,340,410,460,1100,5800,7300,7300,7400,7400,7400,2808,0,130,498.1409923205211,0.5963749999864376,7351.241125000342,93.10220797720798
1788458110,25,,Aggregated,16.700000,0.000000,21,340,410,460,1100,5800,7300,7300,7400,7400,7400,2808,0,130,498.1409923205211,0.5963749999864376,7351.241125000342,93.10220797720798
1788458111,25,POST,/predict,16.700000,0.000000,18,320,390,450,1100,5800,7300,7300,7400,7400,7400,2808,0,130,498.1409923205211,0.5963749999864376,7351.241125000342,93.10220797720798
1788458111,25,,Aggregated,16.700000,0.000000,18,320,390,450,1100,5800,7300,7300,7400,7400,7400,2808,0,130,498.1409923205211,0.5963749999864376,7351.241125000342,93.10220797720798
1788458112,25,POST,/predict,16.700000,0.000000,18,320,390,450,1100,5800,7300,7300,7400,7400,7400,2808,0,130,498.1409923205211,0.5963749999864376,7351.241125000342,93.10220797720798
1788458112,25,,Aggregated,16.700000,0.000000,18,320,390,450,1100,5800,7300,7300,7400,7400,7400,2808,0,130,498.1409923205211,0.5963749999864376,7351.241125000342,93.10220797720798
1788458113,25,POST,/predict,47.900000,0.000000,21,340,430,470,760,1100,7200,7300,7400,7400,7400,3112,0,150,473.1455154444194,0.5963749999864376,7351.241125000342,93.10122107969151
1788458113,25,,Aggregated,47.900000,0.000000,21,340,430,470,760,1100,7200,7300,7400,7400,7400,3112,0,150,473.1455154444194,0.5963749999864376,7351.241125000342,93.10122107969151
1788458114,25,POST,/predict,47.900000,0.000000,21,340,430,470,760,1100,7200,7300,7400,7400,7400,3112,0,150,473.1455154444194,0.5963749999864376,7351.241125000342,93.10122107969151
1788458114,25,,Aggregated,47.900000,0.000000,21,340,430,470,760,1100,7200,7300,7400,7400,7400,3112,0,150,473.1455154444194,0.5963749999864376,7351.241125000342,93.10122107969151
1788458115,27,POST,/predict,47.900000,0.000000,19,340,420,460,700,1100,3500,7300,7400,7400,7400,3112,0,150,473.1455154444194,0.5963749999864376,7351.241125000342,93.10122107969151
1788458115,27,,Aggregated,47.900000,0.000000,19,340,420,460,700,1100,3500,7300,7400,7400,7400,3112,0,150,473.1455154444194,0.5963749999864376,7351.241125000342,93.10122107969151
1788458116,33,POST,/predict,77.800000,0.000000,20,350,440,480,760,920,1100,7200,7300,7400,7400,3425,0,110,454.158927879719,0.5963749999864376,7351.241125000342,93.08204379562044
1788458116,33,,Aggregated,77.800000,0.000000,20,350,440,480,760,920,1100,7200,7300,7400,7400,3425,0,110,454.158927879719,0.5963749999864376,7351.241125000342,93.08204379562044
1788458117,39,POST,/predict,77.800000,0.000000,20,350,440,480,760,920,1100,7200,7300,7400,7400,3425,0,110,454.158927879719,0.5963749999864376,7351.241125000342,93.08204379562044
1788458117,39,,Aggregated,77.800000,0.000000,20,350,440,480,760,920,1100,7200,7300,7400,7400,3425,0,110,454.158927879719,0.5963749999864376,7351.241125000342,93.08204379562044
1788458118,45,POST,/predict,77.800000,0.000000,21,360,440,480,700,830,1100,1100,1100,1100,1100,3425,0,110,454.158927879719,0.5963749999864376,7351.241125000342,93.08204379562044
1788458118,45,,Aggregated,77.800000,0.000000,21,360,440,480,700,830,1100,1100,1100,1100,1100,3425,0,110,454.158927879719,0.5963749999864376,7351.241125000342,93.08204379562044
1788458119,51,POST,/predict,109.300000,0.000000,29,350,450,510,750,870,1100,1100,1100,1100,1100,3871,0,79,432.2093580405664,0.5963749999864376,7351.241125000342,93.05683285972617
1788458119,51,,Aggregated,109.300000,0.000000,29,350,450,510,750,870,1100,1100,1100,1100,1100,3871,0,79,432.2093580405664,0.5963749999864376,7351.241125000342,93.05683285972617
1788458120,56,POST,/predict,109.300000,0.000000,29,350,450,510,750,870,1100,1100,1100,1100,1100,3871,0,79,432.2093580405664,0.5963749999864376,7351.241125000342,93.05683285972617
1788458120,56,,Aggregated,109.300000,0.000000,29,350,450,510,750,870,1100,1100,1100,1100,1100,3871,0,79,432.2093580405664,0.5963749999864376,7351.241125000342,93.05683285972617
1788458121,62,POST,/predict,109.300000,0.000000,55,370,490,560,760,870,920,1100,1100,1100,1100,3871,0,79,432.2093580405664,0.5963749999864376,7351.241125000342,93.05683285972617
1788458121,62,,Aggregated,109.300000,0.000000,55,370,490,560,760,870,920,1100,1100,1100,1100,3871,0,79,432.2093580405664,0.5963749999864376,7351.241125000342,93.05683285972617
1788458122,68,POST,/predict,122.900000,0.000000,63,390,530,650,800,920,1200,1200,1400,1400,1400,4321,0,68,423.3457539467786,0.5963749999864376,7351.241125000342,93.02915991668596
1788458122,68,,Aggregated,122.900000,0.000000,63,390,530,650,800,920,1200,1200,1400,1400,1400,4321,0,68,423.3457539467786,0.5963749999864376,7351.241125000342,93.02915991668596
1788458123,74,POST,/predict,122.900000,0.000000,63,390,530,650,800,920,1200,1200,1400,1400,1400,4321,0,68,423.3457539467786,0.5963749999864376,7351.241125000342,93.02915991668596
1788458123,74,,Aggregated,122.900000,0.000000,63,390,530,650,800,920,1200,1200,1400,1400,1400,4321,0,68,423.3457539467786,0.5963749999864376,7351.241125000342,93.02915991668596
1788458124,80,POST,/predict,122.900000,0.000000,59,400,600,690,830,1100,1200,1300,1400,1400,1400,4321,0,68,423.3457539467786,0.5963749999864376,7351.241125000342,93.02915991668596
1788458124,80,,Aggregated,122.900000,0.000000,59,400,600,690,830,1100,1200,1300,1400,1400,1400,4321,0,68,423.3457539467786,0.5963749999864376,7351.241125000342,93.02915991668596
1788458125,86,POST,/predict,128.300000,0.000000,54,490,710,800,1200,1400,1700,1800,2000,2000,2000,4701,0,66,440.7906100236169,0.5963749999864376,7351.241125000342,93.02297383535418
1788458125,86,,Aggregated,128.300000,0.000000,54,490,710,800,1200,1400,1700,1800,2000,2000,2000,4701,0,66,440.7906100236169,0.5963749999864376,7351.241125000342,93.02297383535418
1788458126,92,POST,/predict,128.300000,0.000000,54,490,710,800,1200,1400,1700,1800,2000,2000,2000,4701,0,66,440.7906100236169,0.5963749999864376,7351.241125000342,93.02297383535418
1788458126,92,,Aggregated,128.300000,0.000000,54,490,710,800,1200,1400,1700,1800,2000,2000,2000,4701,0,66,440.7906100236169,0.5963749999864376,7351.241125000342,93.02297383535418
1788458127,97,POST,/predict,128.300000,0.000000,53,530,750,870,1300,1600,1700,1800,2000,2000,2000,4701,0,66,440.7906100236169,0.5963749999864376,7351.241125000342,93.02297383535418
1788458127,97,,Aggregated,128.300000,0.000000,53,530,750,870,1300,1600,1700,1800,2000,2000,2000,4701,0,66,440.7906100236169,0.5963749999864376,7351.241125000342,93.02297383535418
1788458128,103,POST,/predict,141.600000,0.000000,63,650,880,1000,1300,1700,1900,1900,2000,2000,2000,5098,0,69,453.81545536975625,0.5963749999864376,7351.241125000342,93.01157316594742
1788458128,103,,Aggregated,141.600000,0.000000,63,650,880,1000,1300,1700,1900,1900,2000,2000,2000,5098,0,69,453.81545536975625,0.5963749999864376,7351.241125000342,93.01157316594742
1788458129,109,POST,/predict,141.600000,0.000000,63,650,880,1000,1300,1700,1900,1900,2000,2000,2000,5098,0,69,453.81545536975625,0.5963749999864376,7351.241125000342,93.01157316594742
1788458129,109,,Aggregated,141.600000,0.000000,63,650,880,1000,1300,1700,1900,1900,2000,2000,2000,5098,0,69,453.81545536975625,0.5963749999864376,7351.241125000342,93.01157316594742
1788458130,115,POST,/predict,141.600000,0.000000,70,830,1100,1200,1600,1800,1900,2000,2000,2000,2000,5098,0,69,453.81545536975625,0.5963749999864376,7351.241125000342,93.01157316594742
1788458130,115,,Aggregated,141.600000,0.000000,70,830,1100,1200,1600,1800,1900,2000,2000,2000,2000,5098,0,69,453.81545536975625,0.5963749999864376,7351.241125000342,93.01157316594742
1788458131,121,POST,/predict,141.300000,0.000000,71,930,1100,1300,1500,1800,1900,1900,2000,2000,2000,5644,0,71,469.6277175361489,0.5963749999864376,7351.241125000342,93.00974486180014
1788458131,121,,Aggregated,141.300000,0.000000,71,930,1100,1300,1500,1800,1900,1900,2000,2000,2000,5644,0,71,469.6277175361489,0.5963749999864376,7351.241125000342,93.00974486180014
1788458132,127,POST,/predict,141.300000,0.000000,71,930,1100,1300,1500,1800,1900,1900,2000,2000,2000,5644,0,71,469.6277175361489,0.5963749999864376,7351.241125000342,93.00974486180014
1788458132,127,,Aggregated,141.300000,0.000000,71,930,1100,1300,1500,1800,1900,1900,2000,2000,2000,5644,0,71,469.6277175361489,0.5963749999864376,7351.241125000342,93.00974486180014
1788458133,133,POST,/predict,141.300000,0.000000,77,1000,1200,1300,1700,1800,1900,2000,2000,2000,2000,5644,0,71,469.6277175361489,0.5963749999864376,7351.241125000342,93.00974486180014
1788458133,133,,Aggregated,141.300000,0.000000,77,1000,1200,1300,1700,1800,1900,2000,2000,2000,2000,5644,0,71,469.6277175361489,0.5963749999864376,7351.241125000342,93.00974486180014
1788458134,138,POST,/predict,146.500000,0.000000,110,1100,1300,1400,1800,1900,2000,2100,2200,2200,2200,6079,0,77,494.6972512516909,0.5963749999864376,7351.241125000342,93.00970554367494
1788458134,138,,Aggregated,146.500000,0.000000,110,1100,1300,1400,1800,1900,2000,2100,2200,2200,2200,6079,0,77,494.6972512516909,0.5963749999864376,7351.241125000342,93.00970554367494
1788458135,144,POST,/predict,146.500000,0.000000,110,1100,1300,1400,1800,1900,2000,2100,2200,2200,2200,6079,0,77,494.6972512516909,0.5963749999864376,7351.241125000342,93.00970554367494
1788458135,144,,Aggregated,146.500000,0.000000,110,1100,1300,1400,1800,1900,2000,2100,2200,2200,2200,6079,0,77,494.6972512516909,0.5963749999864376,7351.241125000342,93.00970554367494
1788458136,150,POST,/predict,146.500000,0.000000,120,1100,1300,1400,1800,1900,2100,2200,2200,2200,2200,6079,0,77,494.6972512516909,0.5963749999864376,7351.241125000342,93.00970554367494
1788458136,150,,Aggregated,146.500000,0.000000,120,1100,1300,1400,1800,1900,2100,2200,2200,2200,2200,6079,0,77,494.6972512516909,0.5963749999864376,7351.241125000342,93.00970554367494
1788458137,156,POST,/predict,159.900000,0.000000,120,1200,1400,1600,1900,1900,2000,2100,2200,2200,2200,6514,0,84,520.1037850580338,0.5963749999864376,7351.241125000342,93.00997850782929
1788458137,156,,Aggregated,159.900000,0.000000,120,1200,1400,1600,1900,1900,2000,2100,2200,2200,2200,6514,0,84,520.1037850580338,0.5963749999864376,7351.241125000342,93.00997850782929
1788458138,162,POST,/predict,159.900000,0.000000,120,1200,1400,1600,1900,1900,2000,2100,2200,2200,2200,6514,0,84,520.1037850580338,0.5963749999864376,7351.241125000342,93.00997850782929
1788458138,162,,Aggregated,159.900000,0.000000,120,1200,1400,1600,1900,1900,2000,2100,2200,2200,2200,6514,0,84,520.1037850580338,0.5963749999864376,7351.241125000342,93.00997850782929
1788458139,168,POST,/predict,159.900000,0.000000,630,1400,1500,1700,1900,2000,2100,2200,2200,2200,2200,6514,0,84,520.1037850580338,0.5963749999864376,7351.241125000342,93.00997850782929
1788458139,168,,Aggregated,159.900000,0.000000,630,1400,1500,1700,1900,2000,2100,2200,2200,2200,2200,6514,0,84,520.1037850580338,0.5963749999864376,7351.241125000342,93.00997850782929
1788458140,174,POST,/predict,154.900000,0.000000,630,1400,1700,1800,2000,2200,3400,3400,3500,3500,3500,6735,0,92,550.5461447645192,0.5963749999864376,7351.241125000342,93.01024498886414
1788458140,174,,Aggregated,154.900000,0.000000,630,1400,1700,1800,2000,2200,3400,3400,3500,3500,3500,6735,0,92,550.5461447645192,0.5963749999864376,7351.241125000342,93.01024498886414
1788458141,180,POST,/predict,154.900000,0.000000,630,1400,1700,1800,2000,2200,3400,3400,3500,3500,3500,6735,0,92,550.5461447645192,0.5963749999864376,7351.241125000342,93.01024498886414
1788458141,180,,Aggregated,154.900000,0.000000,630,1400,1700,1800,2000,2200,3400,3400,3500,3500,3500,6735,0,92,550.5461447645192,0.5963749999864376,7351.241125000342,93.01024498886414
1788458142,185,POST,/predict,154.900000,0.000000,780,1700,1800,1900,2100,3300,3400,3500,3500,3500,3500,6735,0,92,550.5461447645192,0.5963749999864376,7351.241125000342,93.01024498886414
1788458142,185,,Aggregated,154.900000,0.000000,780,1700,1800,1900,2100,3300,3400,3500,3500,3500,3500,6735,0,92,550.5461447645192,0.5963749999864376,7351.241125000342,93.01024498886414
1788458143,191,POST,/predict,131.000000,0.000000,720,1800,1900,2000,2400,3400,3500,3500,3600,3600,3600,6999,0,92,580.4611710292959,0.5963749999864376,7351.241125000342,93.00842977568225
1788458143,191,,Aggregated,131.000000,0.000000,720,1800,1900,2000,2400,3400,3500,3500,3600,3600,3600,6999,0,92,580.4611710292959,0.5963749999864376,7351.241125000342,93.00842977568225
1788458144,197,POST,/predict,131.000000,0.000000,720,1800,1900,2000,2400,3400,3500,3500,3600,3600,3600,6999,0,92,580.4611710292959,0.5963749999864376,7351.241125000342,93.00842977568225
1788458144,197,,Aggregated,131.000000,0.000000,720,1800,1900,2000,2400,3400,3500,3500,3600,3600,3600,6999,0,92,580.4611710292959,0.5963749999864376,7351.241125000342,93.00842977568225
1788458145,200,POST,/predict,131.000000,0.000000,1100,1900,2100,2300,3300,3500,3500,3600,3600,3600,3600,6999,0,92,580.4611710292959,0.5963749999864376,7351.241125000342,93.00842977568225
1788458145,200,,Aggregated,131.000000,0.000000,1100,1900,2100,2300,3300,3500,3500,3600,3600,3600,3600,6999,0,92,580.4611710292959,0.5963749999864376,7351.241125000342,93.00842977568225
1788458146,200,POST,/predict,106.900000,0.000000,1300,2000,2300,2700,3300,3500,8500,8500,8600,8600,8600,7565,0,94,669.8642017841427,0.5963749999864376,8560.29616700016,92.9988103106411
1788458146,200,,Aggregated,106.900000,0.000000,1300,2000,2300,2700,3300,3500,8500,8500,8600,8600,8600,7565,0,94,669.8642017841427,0.5963749999864376,8560.29616700016,92.9988103106411
1788458147,200,POST,/predict,106.900000,0.000000,1300,2000,2300,2700,3300,3500,8500,8500,8600,8600,8600,7565,0,94,669.8642017841427,0.5963749999864376,8560.29616700016,92.9988103106411
1788458147,200,,Aggregated,106.900000,0.000000,1300,2000,2300,2700,3300,3500,8500,8500,8600,8600,8600,7565,0,94,669.8642017841427,0.5963749999864376,8560.29616700016,92.9988103106411
1788458148,200,POST,/predict,106.900000,0.000000,1400,2300,2700,2800,3400,4500,8500,8600,8600,8600,8600,7565,0,94,669.8642017841427,0.5963749999864376,8560.29616700016,92.9988103106411
1788458148,200,,Aggregated,106.900000,0.000000,1400,2300,2700,2800,3400,4500,8500,8600,8600,8600,8600,7565,0,94,669.8642017841427,0.5963749999864376,8560.29616700016,92.9988103106411
1788458149,200,POST,/predict,122.300000,0.000000,1800,2300,2700,2800,3300,3500,8500,8600,8600,8600,8600,7850,0,100,698.1368051802604,0.5963749999864376,8560.29616700016,92.99745222929937
1788458149,200,,Aggregated,122.300000,0.000000,1800,2300,2700,2800,3300,3500,8500,8600,8600,8600,8600,7850,0,100,698.1368051802604,0.5963749999864376,8560.29616700016,92.99745222929937
1788458150,200,POST,/predict,122.300000,0.000000,1800,2300,2700,2800,3300,3500,8500,8600,8600,8600,8600,7850,0,100,698.1368051802604,0.5963749999864376,8560.29616700016,92.99745222929937
1788458150,200,,Aggregated,122.300000,0.000000,1800,2300,2700,2800,3300,3500,8500,8600,8600,8600,8600,7850,0,100,698.1368051802604,0.5963749999864376,8560.29616700016,92.99745222929937
1788458151,200,POST,/predict,122.300000,0.000000,1800,2300,2700,2800,3200,3600,8500,8600,8600,8600,8600,7850,0,100,698.1368051802604,0.5963749999864376,8560.29616700016,92.99745222929937
1788458151,200,,Aggregated,122.300000,0.000000,1800,2300,2700,2800,3200,3600,8500,8600,8600,8600,8600,7850,0,100,698.1368051802604,0.5963749999864376,8560.29616700016,92.99745222929937
1788458152,200,POST,/predict,127.600000,0.000000,1800,2200,2700,2700,3200,5000,8500,8500,8600,8600,8600,8363,0,110,746.133734077131,0.5963749999864376,8560.29616700016,92.98887958866436
1788458152,200,,Aggregated,127.600000,0.000000,1800,2200,2700,2700,3200,5000,8500,8500,8600,8600,8600,8363,0,110,746.133734077131,0.5963749999864376,8560.29616700016,92.98887958866436
1788458153,200,POST,/predict,127.600000,0.000000,1800,2200,2700,2700,3200,5000,8500,8500,8600,8600,8600,8363,0,110,746.133734077131,0.5963749999864376,8560.29616700016,92.98887958866436
1788458153,200,,Aggregated,127.600000,0.000000,1800,2200,2700,2700,3200,5000,8500,8500,8600,8600,8600,8363,0,110,746.133734077131,0.5963749999864376,8560.29616700016,92.98887958866436
1788458154,200,POST,/predict,127.600000,0.000000,1800,2200,2600,2700,2900,5000,8500,8500,8600,8600,8600,8363,0,110,746.133734077131,0.5963749999864376,8560.29616700016,92.98887958866436
1788458154,200,,Aggregated,127.600000,0.000000,1800,2200,2600,2700,2900,5000,8500,8500,8600,8600,8600,8363,0,110,746.133734077131,0.5963749999864376,8560.29616700016,92.98887958866436
1788458155,200,POST,/predict,140.300000,0.000000,1800,2300,2600,2700,2900,4700,8300,8500,8600,8600,8600,8790,0,110,772.5183864758873,0.5963749999864376,8560.29616700016,92.98464163822526
1788458155,200,,Aggregated,140.300000,0.000000,1800,2300,2600,2700,2900,4700,8300,8500,8600,8600,8600,8790,0,110,772.5183864758873,0.5963749999864376,8560.29616700016,92.98464163822526
1788458156,200,POST,/predict,140.300000,0.000000,1800,2300,2600,2700,2900,4700,8300,8500,8600,8600,8600,8790,0,110,772.5183864758873,0.5963749999864376,8560.29616700016,92.98464163822526
1788458156,200,,Aggregated,140.300000,0.000000,1800,2300,2600,2700,2900,4700,8300,8500,8600,8600,8600,8790,0,110,772.5183864758873,0.5963749999864376,8560.29616700016,92.98464163822526
1788458157,200,POST,/predict,140.300000,0.000000,1800,2300,2600,2700,2800,4600,5000,5100,5100,5100,5100,8790,0,110,772.5183864758873,0.5963749999864376,8560.29616700016,92.98464163822526
1788458157,200,,Aggregated,140.300000,0.000000,1800,2300,2600,2700,2800,4600,5000,5100,5100,5100,5100,8790,0,110,772.5183864758873,0.5963749999864376,8560.29616700016,92.98464163822526
1788458158,200,POST,/predict,140.900000,0.000000,1800,2100,2300,2500,2700,3200,5000,5000,5100,5100,5100,9392,0,110,790.8211334952143,0.5963749999864376,8560.29616700016,92.98690374787053
1788458158,200,,Aggregated,140.900000,0.000000,1800,2100,2300,2500,2700,3200,5000,5000,5100,5100,5100,9392,0,110,790.8211334952143,0.5963749999864376,8560.29616700016,92.98690374787053
1788458159,200,POST,/predict,140.900000,0.000000,1800,2100,2300,2500,2700,3200,5000,5000,5100,5100,5100,9392,0,110,790.8211334952143,0.5963749999864376,8560.29616700016,92.98690374787053
1788458159,200,,Aggregated,140.900000,0.000000,1800,2100,2300,2500,2700,3200,5000,5000,5100,5100,5100,9392,0,110,790.8211334952143,0.5963749999864376,8560.29616700016,92.98690374787053
1788458160,200,POST,/predict,140.900000,0.000000,120,2100,2300,2400,2700,2800,5000,5000,5100,5100,5100,9392,0,110,790.8211334952143,0.5963749999864376,8560.29616700016,92.98690374787053
1788458160,200,,Aggregated,140.900000,0.000000,120,2100,2300,2400,2700,2800,5000,5000,5100,5100,5100,9392,0,110,790.8211334952143,0.5963749999864376,8560.29616700016,92.98690374787053
1788458161,200,POST,/predict,174.900000,0.000000,1300,2100,2200,2300,2600,2700,4700,5000,5100,5100,5100,9923,0,120,808.7260033773125,0.5963749999864376,8560.29616700016,92.98437972387383
1788458161,200,,Aggregated,174.900000,0.000000,1300,2100,2200,2300,2600,2700,4700,5000,5100,5100,5100,9923,0,120,808.7260033773125,0.5963749999864376,8560.29616700016,92.98437972387383
1788458162,200,POST,/predict,174.900000,0.000000,1800,2100,2200,2300,2600,2700,4500,5000,5100,5100,5100,9923,0,120,808.7260033773125,0.5963749999864376,8560.29616700016,92.98437972387383
1788458162,200,,Aggregated,174.900000,0.000000,1800,2100,2200,2300,2600,2700,4500,5000,5100,5100,5100,9923,0,120,808.7260033773125,0.5963749999864376,8560.29616700016,92.98437972387383
1788458163,200,POST,/predict,174.900000,0.000000,1800,2100,2200,2300,2600,2700,4500,5000,5100,5100,5100,9923,0,120,808.7260033773125,0.5963749999864376,8560.29616700016,92.98437972387383
1788458163,200,,Aggregated,174.900000,0.000000,1800,2100,2200,2300,2600,2700,4500,5000,5100,5100,5100,9923,0,120,808.7260033773125,0.5963749999864376,8560.29616700016,92.98437972387383
1788458164,200,POST,/predict,173.100000,0.000000,140,2100,2300,2300,2500,2700,3400,3400,4500,4500,4500,10339,0,120,827.0503557252222,0.5963749999864376,8560.29616700016,92.9808492117226
1788458164,200,,Aggregated,173.100000,0.000000,140,2100,2300,2300,2500,2700,3400,3400,4500,4500,4500,10339,0,120,827.0503557252222,0.5963749999864376,8560.29616700016,92.9808492117226
1788458165,200,POST,/predict,173.100000,0.000000,140,2100,2300,2300,2500,2700,3400,3400,4500,4500,4500,10339,0,120,827.0503557252222,0.5963749999864376,8560.29616700016,92.9808492117226
1788458165,200,,Aggregated,173.100000,0.000000,140,2100,2300,2300,2500,2700,3400,3400,4500,4500,4500,10339,0,120,827.0503557252222,0.5963749999864376,8560.29616700016,92.9808492117226
1788458166,200,POST,/predict,173.100000,0.000000,1900,2100,2200,2300,2400,2500,3400,3400,3800,3800,3800,10339,0,120,827.0503557252222,0.5963749999864376,8560.29616700016,92.9808492117226
1788458166,200,,Aggregated,173.100000,0.000000,1900,2100,2200,2300,2400,2500,3400,3400,3800,3800,3800,10339,0,120,827.0503557252222,0.5963749999864376,8560.29616700016,92.9808492117226
1788458167,200,POST,/predict,174.400000,0.000000,1800,2100,2200,2300,2400,2500,2600,3400,3800,3800,3800,10955,0,120,843.3941358713905,0.5963749999864376,8560.29616700016,92.98457325422181
1788458167,200,,Aggregated,174.400000,0.000000,1800,2100,2200,2300,2400,2500,2600,3400,3800,3800,3800,10955,0,120,843.3941358713905,0.5963749999864376,8560.29616700016,92.98457325422181
1788458168,200,POST,/predict,174.400000,0.000000,1800,2100,2200,2300,2400,2500,2600,3400,3800,3800,3800,10955,0,120,843.3941358713905,0.5963749999864376,8560.29616700016,92.98457325422181
1788458168,200,,Aggregated,174.400000,0.000000,1800,2100,2200,2300,2400,2500,2600,3400,3800,3800,3800,10955,0,120,843.3941358713905,0.5963749999864376,8560.29616700016,92.98457325422181
1788458169,200,POST,/predict,174.400000,0.000000,1800,2100,2300,2300,2500,2500,3400,3400,3800,3800,3800,10955,0,120,843.3941358713905,0.5963749999864376,8560.29616700016,92.98457325422181
1788458169,200,,Aggregated,174.400000,0.000000,1800,2100,2300,2300,2500,2500,3400,3400,3800,3800,3800,10955,0,120,843.3941358713905,0.5963749999864376,8560.29616700016,92.98457325422181
1788458170,200,POST,/predict,172.400000,0.000000,1900,2100,2200,2300,2400,2500,2600,3400,3800,3800,3800,11503,0,120,858.5201147220796,0.5963749999864376,8560.29616700016,92.98661218812484
1788458170,200,,Aggregated,172.400000,0.000000,1900,2100,2200,2300,2400,2500,2600,3400,3800,3800,3800,11503,0,120,858.5201147220796,0.5963749999864376,8560.29616700016,92.98661218812484
1788458171,200,POST,/predict,172.400000,0.000000,1900,2100,2300,2300,2400,2500,3300,3400,3800,3800,3800,11503,0,120,858.5201147220796,0.5963749999864376,8560.29616700016,92.98661218812484
1788458171,200,,Aggregated,172.400000,0.000000,1900,2100,2300,2300,2400,2500,3300,3400,3800,3800,3800,11503,0,120,858.5201147220796,0.5963749999864376,8560.29616700016,92.98661218812484
1788458172,200,POST,/predict,172.400000,0.000000,1900,2100,2300,2300,2400,2500,3300,3400,3800,3800,3800,11503,0,120,858.5201147220796,0.5963749999864376,8560.29616700016,92.98661218812484
1788458172,200,,Aggregated,172.400000,0.000000,1900,2100,2300,2300,2400,2500,3300,3400,3800,3800,3800,11503,0,120,858.5201147220796,0.5963749999864376,8560.29616700016,92.98661218812484
1788458173,200,POST,/predict,173.800000,0.000000,1900,2000,2100,2200,2400,2500,2600,3400,3800,3800,3800,12012,0,140,870.5861581700027,0.5963749999864376,8560.29616700016,92.99209124209125
1788458173,200,,Aggregated,173.800000,0.000000,1900,2000,2100,2200,2400,2500,2600,3400,3800,3800,3800,12012,0,140,870.5861581700027,0.5963749999864376,8560.29616700016,92.99209124209125
1788458174,200,POST,/predict,173.800000,0.000000,1900,2000,2100,2200,2400,2500,2600,3400,3800,3800,3800,12012,0,140,870.5861581700027,0.5963749999864376,8560.29616700016,92.99209124209125
1788458174,200,,Aggregated,173.800000,0.000000,1900,2000,2100,2200,2400,2500,2600,3400,3800,3800,3800,12012,0,140,870.5861581700027,0.5963749999864376,8560.29616700016,92.99209124209125
1788458175,200,POST,/predict,173.800000,0.000000,1900,2000,2100,2100,2300,2400,2500,2500,2600,2600,2600,12012,0,140,870.5861581700027,0.5963749999864376,8560.29616700016,92.99209124209125
1788458175,200,,Aggregated,173.800000,0.000000,1900,2000,2100,2100,2300,2400,2500,2500,2600,2600,2600,12012,0,140,870.5861581700027,0.5963749999864376,8560.29616700016,92.99209124209125
1788458176,200,POST,/predict,180.600000,0.000000,1700,2000,2000,2100,2300,2400,2500,2500,2600,2600,2600,12563,0,150,877.0471095864893,0.5963749999864376,8560.29616700016,92.99355249542307
1788458176,200,,Aggregated,180.600000,0.000000,1700,2000,2000,2100,2300,2400,2500,2500,2600,2600,2600,12563,0,150,877.0471095864893,0.5963749999864376,8560.29616700016,92.99355249542307
1788458177,200,POST,/predict,180.600000,0.000000,1700,2000,2000,2100,2300,2400,2500,2500,2600,2600,2600,12563,0,150,877.0471095864893,0.5963749999864376,8560.29616700016,92.99355249542307
1788458177,200,,Aggregated,180.600000,0.000000,1700,2000,2000,2100,2300,2400,2500,2500,2600,2600,2600,12563,0,150,877.0471095864893,0.5963749999864376,8560.29616700016,92.99355249542307
1788458178,200,POST,/predict,180.600000,0.000000,1700,2000,2000,2100,2300,2400,2500,2500,2600,2600,2600,12563,0,150,877.0471095864893,0.5963749999864376,8560.29616700016,92.99355249542307
1788458178,200,,Aggregated,180.600000,0.000000,1700,2000,2000,2100,2300,2400,2500,2500,2600,2600,2600,12563,0,150,877.0471095864893,0.5963749999864376,8560.29616700016,92.99355249542307
1788458179,200,POST,/predict,182.800000,0.000000,1600,2000,2000,2100,2200,2300,2400,2400,2400,2400,2400,13194,0,170,880.6818200966413,0.5963749999864376,8560.29616700016,92.99848415946643
1788458179,200,,Aggregated,182.800000,0.000000,1600,2000,2000,2100,2200,2300,2400,2400,2400,2400,2400,13194,0,170,880.6818200966413,0.5963749999864376,8560.29616700016,92.99848415946643
1788458180,200,POST,/predict,182.800000,0.000000,1600,2000,2000,2100,2200,2300,2400,2400,2400,2400,2400,13194,0,170,880.6818200966413,0.5963749999864376,8560.29616700016,92.99848415946643
1788458180,200,,Aggregated,182.800000,0.000000,1600,2000,2000,2100,2200,2300,2400,2400,2400,2400,2400,13194,0,170,880.6818200966413,0.5963749999864376,8560.29616700016,92.99848415946643
1788458181,200,POST,/predict,182.800000,0.000000,1600,2000,2000,2100,2200,2300,2400,2400,2400,2400,2400,13194,0,170,880.6818200966413,0.5963749999864376,8560.29616700016,92.99848415946643
1788458181,200,,Aggregated,182.800000,0.000000,1600,2000,2000,2100,2200,2300,2400,2400,2400,2400,2400,13194,0,170,880.6818200966413,0.5963749999864376,8560.29616700016,92.99848415946643
1788458182,200,POST,/predict,186.900000,0.000000,1500,1900,2000,2000,2100,2200,2200,2400,2400,2400,2400,13777,0,180,885.5082784942358,0.5963749999864376,8560.29616700016,93.00137911011106
1788458182,200,,Aggregated,186.900000,0.000000,1500,1900,2000,2000,2100,2200,2200,2400,2400,2400,2400,13777,0,180,885.5082784942358,0.5963749999864376,8560.29616700016,93.00137911011106
1788458183,200,POST,/predict,186.900000,0.000000,1500,1900,2000,2000,2100,2200,2200,2400,2400,2400,2400,13777,0,180,885.5082784942358,0.5963749999864376,8560.29616700016,93.00137911011106
1788458183,200,,Aggregated,186.900000,0.000000,1500,1900,2000,2000,2100,2200,2200,2400,2400,2400,2400,13777,0,180,885.5082784942358,0.5963749999864376,8560.29616700016,93.00137911011106
1788458184,200,POST,/predict,186.900000,0.000000,1500,1900,2000,2000,2100,2200,2200,2400,2400,2400,2400,13777,0,180,885.5082784942358,0.5963749999864376,8560.29616700016,93.00137911011106
1788458184,200,,Aggregated,186.900000,0.000000,1500,1900,2000,2000,2100,2200,2200,2400,2400,2400,2400,13777,0,180,885.5082784942358,0.5963749999864376,8560.29616700016,93.00137911011106
1788458185,200,POST,/predict,197.100000,0.000000,1300,1900,2000,2100,2200,2300,2400,2400,2400,2400,2400,14244,0,150,890.4559451489808,0.5963749999864376,8560.29616700016,92.99943836001123
1788458185,200,,Aggregated,197.100000,0.000000,1300,1900,2000,2100,2200,2300,2400,2400,2400,2400,2400,14244,0,150,890.4559451489808,0.5963749999864376,8560.29616700016,92.99943836001123
1788458186,200,POST,/predict,197.100000,0.000000,1300,1900,2000,2100,2200,2300,2400,2400,2400,2400,2400,14244,0,150,890.4559451489808,0.5963749999864376,8560.29616700016,92.99943836001123
1788458186,200,,Aggregated,197.100000,0.000000,1300,1900,2000,2100,2200,2300,2400,2400,2400,2400,2400,14244,0,150,890.4559451489808,0.5963749999864376,8560.29616700016,92.99943836001123
1788458187,200,POST,/predict,197.100000,0.000000,1300,1900,2000,2100,2200,2300,2300,2400,2400,2400,2400,14244,0,150,890.4559451489808,0.5963749999864376,8560.29616700016,92.99943836001123
1788458187,200,,Aggregated,197.100000,0.000000,1300,1900,2000,2100,2200,2300,2300,2400,2400,2400,2400,14244,0,150,890.4559451489808,0.5963749999864376,8560.29616700016,92.99943836001123
1788458188,200,POST,/predict,184.600000,0.000000,95,2000,2100,2100,2200,2300,4800,4800,4900,4900,4900,14801,0,140,904.1950220139241,0.5963749999864376,8560.29616700016,92.99729747990001
1788458188,200,,Aggregated,184.600000,0.000000,95,2000,2100,2100,2200,2300,4800,4800,4900,4900,4900,14801,0,140,904.1950220139241,0.5963749999864376,8560.29616700016,92.99729747990001
1788458189,200,POST,/predict,184.600000,0.000000,95,2000,2100,2100,2200,2300,4800,4800,4900,4900,4900,14801,0,140,904.1950220139241,0.5963749999864376,8560.29616700016,92.99729747990001
1788458189,200,,Aggregated,184.600000,0.000000,95,2000,2100,2100,2200,2300,4800,4800,4900,4900,4900,14801,0,140,904.1950220139241,0.5963749999864376,8560.29616700016,92.99729747990001
1788458190,200,POST,/predict,184.600000,0.000000,84,2000,2100,2100,2300,2400,4800,4800,4900,4900,4900,14801,0,140,904.1950220139241,0.5963749999864376,8560.29616700016,92.99729747990001
1788458190,200,,Aggregated,184.600000,0.000000,84,2000,2100,2100,2300,2400,4800,4800,4900,4900,4900,14801,0,140,904.1950220139241,0.5963749999864376,8560.29616700016,92.99729747990001
1788458191,200,POST,/predict,171.700000,0.000000,89,2000,2100,2100,2300,3300,4800,4800,4900,4900,4900,15374,0,150,911.3862550111936,0.5963749999864376,8560.29616700016,92.9963574866658
1788458191,200,,Aggregated,171.700000,0.000000,89,2000,2100,2100,2300,3300,4800,4800,4900,4900,4900,15374,0,150,911.3862550111936,0.5963749999864376,8560.29616700016,92.9963574866658
1788458192,200,POST,/predict,171.700000,0.000000,89,2000,2100,2100,2300,3300,4800,4800,4900,4900,4900,15374,0,150,911.3862550111936,0.5963749999864376,8560.29616700016,92.9963574866658
1788458192,200,,Aggregated,171.700000,0.000000,89,2000,2100,2100,2300,3300,4800,4800,4900,4900,4900,15374,0,150,911.3862550111936,0.5963749999864376,8560.29616700016,92.9963574866658
1788458193,200,POST,/predict,171.700000,0.000000,89,2000,2100,2100,2300,3300,4800,4800,4900,4900,4900,15374,0,150,911.3862550111936,0.5963749999864376,8560.29616700016,92.9963574866658
1788458193,200,,Aggregated,171.700000,0.000000,89,2000,2100,2100,2300,3300,4800,4800,4900,4900,4900,15374,0,150,911.3862550111936,0.5963749999864376,8560.29616700016,92.9963574866658
1788458194,200,POST,/predict,184.400000,0.000000,85,1900,2100,2100,2300,3300,4800,4800,4900,4900,4900,15909,0,150,913.5269373865157,0.5963749999864376,8560.29616700016,92.99673140989377
1788458194,200,,Aggregated,184.400000,0.000000,85,1900,2100,2100,2300,3300,4800,4800,4900,4900,4900,15909,0,150,913.5269373865157,0.5963749999864376,8560.29616700016,92.99673140989377
1788458195,200,POST,/predict,184.400000,0.000000,85,1900,2100,2100,2300,3300,4800,4800,4900,4900,4900,15909,0,150,913.5269373865157,0.5963749999864376,8560.29616700016,92.99673140989377
1788458195,200,,Aggregated,184.400000,0.000000,85,1900,2100,2100,2300,3300,4800,4800,4900,4900,4900,15909,0,150,913.5269373865157,0.5963749999864376,8560.29616700016,92.99673140989377
1788458196,200,POST,/predict,184.400000,0.000000,85,1900,2100,2100,2300,3300,4800,4800,4900,4900,4900,15909,0,150,913.5269373865157,0.5963749999864376,8560.29616700016,92.99673140989377
1788458196,200,,Aggregated,184.400000,0.000000,85,1900,2100,2100,2300,3300,4800,4800,4900,4900,4900,15909,0,150,913.5269373865157,0.5963749999864376,8560.29616700016,92.99673140989377
1788458197,200,POST,/predict,177.700000,0.000000,93,2000,2100,2300,2700,2800,3500,4800,4900,4900,4900,16487,0,140,924.6828932065307,0.5963749999864376,8560.29616700016,92.99472311518166
1788458197,200,,Aggregated,177.700000,0.000000,93,2000,2100,2300,2700,2800,3500,4800,4900,4900,4900,16487,0,140,924.6828932065307,0.5963749999864376,8560.29616700016,92.99472311518166
1788458198,200,POST,/predict,177.700000,0.000000,93,2000,2100,2300,2700,2800,3500,4800,4900,4900,4900,16487,0,140,924.6828932065307,0.5963749999864376,8560.29616700016,92.99472311518166
1788458198,200,,Aggregated,177.700000,0.000000,93,2000,2100,2300,2700,2800,3500,4800,4900,4900,4900,16487,0,140,924.6828932065307,0.5963749999864376,8560.29616700016,92.99472311518166
1788458199,200,POST,/predict,177.700000,0.000000,93,2000,2100,2300,2700,2800,3500,4800,4900,4900,4900,16487,0,140,924.6828932065307,0.5963749999864376,8560.29616700016,92.99472311518166
1788458199,200,,Aggregated,177.700000,0.000000,93,2000,2100,2300,2700,2800,3500,4800,4900,4900,4900,16487,0,140,924.6828932065307,0.5963749999864376,8560.29616700016,92.99472311518166
1788458200,200,POST,/predict,191.000000,0.000000,72,1900,2000,2100,2500,2800,3300,3400,3500,3500,3500,17130,0,130,925.4842985305938,0.5963749999864376,8560.29616700016,92.99375364856976
1788458200,200,,Aggregated,191.000000,0.000000,72,1900,2000,2100,2500,2800,3300,3400,3500,3500,3500,17130,0,130,925.4842985305938,0.5963749999864376,8560.29616700016,92.99375364856976
1788458201,200,POST,/predict,191.000000,0.000000,72,1900,2000,2100,2500,2800,3300,3400,3500,3500,3500,17130,0,130,925.4842985305938,0.5963749999864376,8560.29616700016,92.99375364856976
1788458201,200,,Aggregated,191.000000,0.000000,72,1900,2000,2100,2500,2800,3300,3400,3500,3500,3500,17130,0,130,925.4842985305938,0.5963749999864376,8560.29616700016,92.99375364856976
1788458202,200,POST,/predict,191.000000,0.000000,72,1900,2000,2100,2500,2800,3300,3400,3500,3500,3500,17130,0,130,925.4842985305938,0.5963749999864376,8560.29616700016,92.99375364856976
1788458202,200,,Aggregated,191.000000,0.000000,72,1900,2000,2100,2500,2800,3300,3400,3500,3500,3500,17130,0,130,925.4842985305938,0.5963749999864376,8560.29616700016,92.99375364856976
1788458203,200,POST,/predict,196.000000,0.000000,68,1800,1900,2000,2400,2600,2800,2800,2900,2900,2900,17728,0,120,923.8556053350673,0.5963749999864376,8560.29616700016,92.99560018050542
1788458203,200,,Aggregated,196.000000,0.000000,68,1800,1900,2000,2400,2600,2800,2800,2900,2900,2900,17728,0,120,923.8556053350673,0.5963749999864376,8560.29616700016,92.99560018050542
1788458204,200,POST,/predict,196.000000,0.000000,68,1800,1900,2000,2400,2600,2800,2800,2900,2900,2900,17728,0,120,923.8556053350673,0.5963749999864376,8560.29616700016,92.99560018050542
1788458204,200,,Aggregated,196.000000,0.000000,68,1800,1900,2000,2400,2600,2800,2800,2900,2900,2900,17728,0,120,923.8556053350673,0.5963749999864376,8560.29616700016,92.99560018050542
1788458205,200,POST,/predict,196.000000,0.000000,68,1800,1900,2000,2400,2600,2800,2800,2900,2900,2900,17728,0,120,923.8556053350673,0.5963749999864376,8560.29616700016,92.99560018050542
1788458205,200,,Aggregated,196.000000,0.000000,68,1800,1900,2000,2400,2600,2800,2800,2900,2900,2900,17728,0,120,923.8556053350673,0.5963749999864376,8560.29616700016,92.99560018050542
1788458206,200,POST,/predict,202.400000,0.000000,96,1800,1900,1900,2100,2400,2700,2800,2800,2900,2900,18389,0,130,925.1179382162753,0.5963749999864376,8560.29616700016,92.99728098319648
1788458206,200,,Aggregated,202.400000,0.000000,96,1800,1900,1900,2100,2400,2700,2800,2800,2900,2900,18389,0,130,925.1179382162753,0.5963749999864376,8560.29616700016,92.99728098319648
1788458207,200,POST,/predict,202.400000,0.000000,96,1800,1900,1900,2100,2400,2700,2800,2800,2900,2900,18389,0,130,925.1179382162753,0.5963749999864376,8560.29616700016,92.99728098319648
1788458207,200,,Aggregated,202.400000,0.000000,96,1800,1900,1900,2100,2400,2700,2800,2800,2900,2900,18389,0,130,925.1179382162753,0.5963749999864376,8560.29616700016,92.99728098319648
1788458208,200,POST,/predict,202.400000,0.000000,76,1800,1800,1900,1900,2000,2100,2100,2100,2100,2100,18389,0,130,925.1179382162753,0.5963749999864376,8560.29616700016,92.99728098319648
1788458208,200,,Aggregated,202.400000,0.000000,76,1800,1800,1900,1900,2000,2100,2100,2100,2100,2100,18389,0,130,925.1179382162753,0.5963749999864376,8560.29616700016,92.99728098319648
1788458209,200,POST,/predict,212.500000,0.000000,1600,1800,1900,1900,2000,2200,2300,2300,2400,2400,2400,18985,0,150,931.3144791709296,0.5963749999864376,8560.29616700016,92.99815643929418
1788458209,200,,Aggregated,212.500000,0.000000,1600,1800,1900,1900,2000,2200,2300,2300,2400,2400,2400,18985,0,150,931.3144791709296,0.5963749999864376,8560.29616700016,92.99815643929418
1788458210,200,POST,/predict,212.500000,0.000000,1600,1800,1900,1900,2000,2200,2300,2300,2400,2400,2400,18985,0,150,931.3144791709296,0.5963749999864376,8560.29616700016,92.99815643929418
1788458210,200,,Aggregated,212.500000,0.000000,1600,1800,1900,1900,2000,2200,2300,2300,2400,2400,2400,18985,0,150,931.3144791709296,0.5963749999864376,8560.29616700016,92.99815643929418
1788458211,200,POST,/predict,212.500000,0.000000,1700,1800,1900,1900,2100,2200,2300,2400,2400,2400,2400,18985,0,150,931.3144791709296,0.5963749999864376,8560.29616700016,92.99815643929418
1788458211,200,,Aggregated,212.500000,0.000000,1700,1800,1900,1900,2100,2200,2300,2400,2400,2400,2400,18985,0,150,931.3144791709296,0.5963749999864376,8560.29616700016,92.99815643929418
1788458212,200,POST,/predict,202.200000,0.000000,1700,1800,1900,1900,2100,2300,2300,2500,2600,2600,2600,19563,0,140,931.7228402588614,0.5963749999864376,8560.29616700016,92.99729080406891
1788458212,200,,Aggregated,202.200000,0.000000,1700,1800,1900,1900,2100,2300,2300,2500,2600,2600,2600,19563,0,140,931.7228402588614,0.5963749999864376,8560.29616700016,92.99729080406891
1788458213,200,POST,/predict,202.200000,0.000000,1700,1800,1900,1900,2100,2300,2300,2500,2600,2600,2600,19563,0,140,931.7228402588614,0.5963749999864376,8560.29616700016,92.99729080406891
1788458213,200,,Aggregated,202.200000,0.000000,1700,1800,1900,1900,2100,2300,2300,2500,2600,2600,2600,19563,0,140,931.7228402588614,0.5963749999864376,8560.29616700016,92.99729080406891
1788458214,200,POST,/predict,202.200000,0.000000,1700,1800,1900,1900,2100,2300,2300,2500,2600,2600,2600,19563,0,140,931.7228402588614,0.5963749999864376,8560.29616700016,92.99729080406891
1788458214,200,,Aggregated,202.200000,0.000000,1700,1800,1900,1900,2100,2300,2300,2500,2600,2600,2600,19563,0,140,931.7228402588614,0.5963749999864376,8560.29616700016,92.99729080406891
1788458215,200,POST,/predict,201.700000,0.000000,1600,1800,1900,2000,2100,2300,2300,2500,2600,2600,2600,20192,0,150,931.9440751914675,0.5963749999864376,8560.29616700016,92.99737519809825
1788458215,200,,Aggregated,201.700000,0.000000,1600,1800,1900,2000,2100,2300,2300,2500,2600,2600,2600,20192,0,150,931.9440751914675,0.5963749999864376,8560.29616700016,92.99737519809825
1788458216,200,POST,/predict,201.700000,0.000000,1600,1800,1900,2000,2100,2300,2300,2500,2600,2600,2600,20192,0,150,931.9440751914675,0.5963749999864376,8560.29616700016,92.99737519809825
1788458216,200,,Aggregated,201.700000,0.000000,1600,1800,1900,2000,2100,2300,2300,2500,2600,2600,2600,20192,0,150,931.9440751914675,0.5963749999864376,8560.29616700016,92.99737519809825
1788458217,200,POST,/predict,201.700000,0.000000,1600,1800,1900,2000,2100,2300,2300,2500,2600,2600,2600,20192,0,150,931.9440751914675,0.5963749999864376,8560.29616700016,92.99737519809825
1788458217,200,,Aggregated,201.700000,0.000000,1600,1800,1900,2000,2100,2300,2300,2500,2600,2600,2600,20192,0,150,931.9440751914675,0.5963749999864376,8560.29616700016,92.99737519809825
1788458218,200,POST,/predict,220.200000,0.000000,1100,1600,1700,1800,2100,2200,2300,2400,2600,2600,2600,21137,0,190,923.5088496586616,0.5963749999864376,8560.29616700016,93.00411600510952
1788458218,200,,Aggregated,220.200000,0.000000,1100,1600,1700,1800,2100,2200,2300,2400,2600,2600,2600,21137,0,190,923.5088496586616,0.5963749999864376,8560.29616700016,93.00411600510952
1788458219,200,POST,/predict,220.200000,0.000000,1100,1600,1700,1800,2100,2200,2300,2400,2600,2600,2600,21137,0,190,923.5088496586616,0.5963749999864376,8560.29616700016,93.00411600510952
1788458219,200,,Aggregated,220.200000,0.000000,1100,1600,1700,1800,2100,2200,2300,2400,2600,2600,2600,21137,0,190,923.5088496586616,0.5963749999864376,8560.29616700016,93.00411600510952
1788458220,200,POST,/predict,220.200000,0.000000,1100,1600,1700,1800,2100,2200,2300,2400,2600,2600,2600,21137,0,190,923.5088496586616,0.5963749999864376,8560.29616700016,93.00411600510952
1788458220,200,,Aggregated,220.200000,0.000000,1100,1600,1700,1800,2100,2200,2300,2400,2600,2600,2600,21137,0,190,923.5088496586616,0.5963749999864376,8560.29616700016,93.00411600510952
1788458221,200,POST,/predict,231.100000,0.000000,1100,1500,1700,1700,1900,2000,2100,2300,2600,2600,2600,21658,0,210,922.1180585533814,0.5963749999864376,8560.29616700016,93.00489426539846
1788458221,200,,Aggregated,231.100000,0.000000,1100,1500,1700,1700,1900,2000,2100,2300,2600,2600,2600,21658,0,210,922.1180585533814,0.5963749999864376,8560.29616700016,93.00489426539846
1788458222,200,POST,/predict,231.100000,0.000000,1100,1500,1700,1700,1900,2000,2100,2300,2600,2600,2600,21658,0,210,922.1180585533814,0.5963749999864376,8560.29616700016,93.00489426539846
1788458222,200,,Aggregated,231.100000,0.000000,1100,1500,1700,1700,1900,2000,2100,2300,2600,2600,2600,21658,0,210,922.1180585533814,0.5963749999864376,8560.29616700016,93.00489426539846
1788458223,200,POST,/predict,231.100000,0.000000,1100,1400,1600,1700,1800,2000,2100,2100,2100,2100,2100,21658,0,210,922.1180585533814,0.5963749999864376,8560.29616700016,93.00489426539846
1788458223,200,,Aggregated,231.100000,0.000000,1100,1400,1600,1700,1800,2000,2100,2100,2100,2100,2100,21658,0,210,922.1180585533814,0.5963749999864376,8560.29616700016,93.00489426539846
1788458224,200,POST,/predict,232.300000,0.000000,1100,1500,1700,1700,1900,2100,2400,2500,2600,2600,2600,22388,0,210,924.1602965085824,0.5963749999864376,8560.29616700016,93.00370734321959
1788458224,200,,Aggregated,232.300000,0.000000,1100,1500,1700,1700,1900,2100,2400,2500,2600,2600,2600,22388,0,210,924.1602965085824,0.5963749999864376,8560.29616700016,93.00370734321959
1788458225,200,POST,/predict,232.300000,0.000000,1100,1500,1700,1700,1900,2100,2400,2500,2600,2600,2600,22388,0,210,924.1602965085824,0.5963749999864376,8560.29616700016,93.00370734321959
1788458225,200,,Aggregated,232.300000,0.000000,1100,1500,1700,1700,1900,2100,2400,2500,2600,2600,2600,22388,0,210,924.1602965085824,0.5963749999864376,8560.29616700016,93.00370734321959
1788458226,200,POST,/predict,232.300000,0.000000,1100,1500,1700,1700,1900,2100,2400,2500,2600,2600,2600,22388,0,210,924.1602965085824,0.5963749999864376,8560.29616700016,93.00370734321959
1788458226,200,,Aggregated,232.300000,0.000000,1100,1500,1700,1700,1900,2100,2400,2500,2600,2600,2600,22388,0,210,924.1602965085824,0.5963749999864376,8560.29616700016,93.00370734321959
1788458227,200,POST,/predict,239.800000,0.000000,1100,1600,1700,1700,1800,2000,2400,2500,2600,2600,2600,23021,0,230,922.6273175340401,0.5963749999864376,8560.29616700016,93.0062551583337
1788458227,200,,Aggregated,239.800000,0.000000,1100,1600,1700,1700,1800,2000,2400,2500,2600,2600,2600,23021,0,230,922.6273175340401,0.5963749999864376,8560.29616700016,93.0062551583337
1788458228,200,POST,/predict,239.800000,0.000000,1100,1600,1700,1700,1800,2000,2400,2500,2600,2600,2600,23021,0,230,922.6273175340401,0.5963749999864376,8560.29616700016,93.0062551583337
1788458228,200,,Aggregated,239.800000,0.000000,1100,1600,1700,1700,1800,2000,2400,2500,2600,2600,2600,23021,0,230,922.6273175340401,0.5963749999864376,8560.29616700016,93.0062551583337
1788458229,200,POST,/predict,239.800000,0.000000,1100,1600,1700,1700,1800,2000,2400,2500,2600,2600,2600,23021,0,230,922.6273175340401,0.5963749999864376,8560.29616700016,93.0062551583337
1788458229,200,,Aggregated,239.800000,0.000000,1100,1600,1700,1700,1800,2000,2400,2500,2600,2600,2600,23021,0,230,922.6273175340401,0.5963749999864376,8560.29616700016,93.0062551583337
1788458230,200,POST,/predict,208.400000,0.000000,1300,1700,1800,1800,1900,2400,2500,2700,2700,2800,2800,23551,0,240,925.4445226628225,0.5963749999864376,8560.29616700016,93.00717591609698
1788458230,200,,Aggregated,208.400000,0.000000,1300,1700,1800,1800,1900,2400,2500,2700,2700,2800,2800,23551,0,240,925.4445226628225,0.5963749999864376,8560.29616700016,93.00717591609698
1788458231,200,POST,/predict,208.400000,0.000000,1300,1700,1800,1800,1900,2400,2500,2700,2700,2800,2800,23551,0,240,925.4445226628225,0.5963749999864376,8560.29616700016,93.00717591609698
1788458231,200,,Aggregated,208.400000,0.000000,1300,1700,1800,1800,1900,2400,2500,2700,2700,2800,2800,23551,0,240,925.4445226628225,0.5963749999864376,8560.29616700016,93.00717591609698
1788458232,200,POST,/predict,208.400000,0.000000,1300,1700,1800,1800,1900,2400,2500,2700,2700,2800,2800,23551,0,240,925.4445226628225,0.5963749999864376,8560.29616700016,93.00717591609698
1788458232,200,,Aggregated,208.400000,0.000000,1300,1700,1800,1800,1900,2400,2500,2700,2700,2800,2800,23551,0,240,925.4445226628225,0.5963749999864376,8560.29616700016,93.00717591609698
1788458233,200,POST,/predict,201.300000,0.000000,1200,1700,1800,1800,2000,2500,2700,3500,4200,4200,4200,23633,0,240,928.0607398035008,0.5963749999864376,8560.29616700016,93.00715101764482
1788458233,200,,Aggregated,201.300000,0.000000,1200,1700,1800,1800,2000,2500,2700,3500,4200,4200,4200,23633,0,240,928.0607398035008,0.5963749999864376,8560.29616700016,93.00715101764482
1788458234,200,POST,/predict,201.300000,0.000000,1200,1700,1800,1800,2000,2500,2700,3500,4200,4200,4200,23633,0,240,928.0607398035008,0.5963749999864376,8560.29616700016,93.00715101764482
1788458234,200,,Aggregated,201.300000,0.000000,1200,1700,1800,1800,2000,2500,2700,3500,4200,4200,4200,23633,0,240,928.0607398035008,0.5963749999864376,8560.29616700016,93.00715101764482
1788458235,200,POST,/predict,201.300000,0.000000,1200,1700,1800,1800,2000,2500,2700,3500,4200,4200,4200,23633,0,240,928.0607398035008,0.5963749999864376,8560.29616700016,93.00715101764482
1788458235,200,,Aggregated,201.300000,0.000000,1200,1700,1800,1800,2000,2500,2700,3500,4200,4200,4200,23633,0,240,928.0607398035008,0.5963749999864376,8560.29616700016,93.00715101764482
1788458236,200,POST,/predict,161.500000,0.000000,1200,1800,1800,1800,4100,4900,5000,5900,6000,6000,6000,23871,0,250,944.7176346608077,0.5963749999864376,8560.29616700016,93.0038121570106
1788458236,200,,Aggregated,161.500000,0.000000,1200,1800,1800,1800,4100,4900,5000,5900,6000,6000,6000,23871,0,250,944.7176346608077,0.5963749999864376,8560.29616700016,93.0038121570106
1788458237,200,POST,/predict,161.500000,0.000000,1200,1800,1800,1800,4100,4900,5000,5900,6000,6000,6000,23871,0,250,944.7176346608077,0.5963749999864376,8560.29616700016,93.0038121570106
1788458237,200,,Aggregated,161.500000,0.000000,1200,1800,1800,1800,4100,4900,5000,5900,6000,6000,6000,23871,0,250,944.7176346608077,0.5963749999864376,8560.29616700016,93.0038121570106
1788458238,200,POST,/predict,161.500000,0.000000,1500,1800,2400,3500,4900,4900,5900,6000,6000,6000,6000,23871,0,250,944.7176346608077,0.5963749999864376,8560.29616700016,93.0038121570106
1788458238,200,,Aggregated,161.500000,0.000000,1500,1800,2400,3500,4900,4900,5900,6000,6000,6000,6000,23871,0,250,944.7176346608077,0.5963749999864376,8560.29616700016,93.0038121570106
1788458239,200,POST,/predict,96.000000,0.000000,1700,2400,4500,4800,6000,6700,7000,7500,7500,7500,7500,24042,0,260,966.7612327982754,0.5963749999864376,8560.29616700016,93.00158056734048
1788458239,200,,Aggregated,96.000000,0.000000,1700,2400,4500,4800,6000,6700,7000,7500,7500,7500,7500,24042,0,260,966.7612327982754,0.5963749999864376,8560.29616700016,93.00158056734048
1788458240,200,POST,/predict,96.000000,0.000000,1800,3500,4700,4900,6100,6700,7000,7500,7500,7500,7500,24042,0,260,966.7612327982754,0.5963749999864376,8560.29616700016,93.00158056734048
1788458240,200,,Aggregated,96.000000,0.000000,1800,3500,4700,4900,6100,6700,7000,7500,7500,7500,7500,24042,0,260,966.7612327982754,0.5963749999864376,8560.29616700016,93.00158056734048
1788458241,200,POST,/predict,96.000000,0.000000,1800,3500,4700,4900,6100,6700,7000,7500,7500,7500,7500,24042,0,260,966.7612327982754,0.5963749999864376,8560.29616700016,93.00158056734048
1788458241,200,,Aggregated,96.000000,0.000000,1800,3500,4700,4900,6100,6700,7000,7500,7500,7500,7500,24042,0,260,966.7612327982754,0.5963749999864376,8560.29616700016,93.00158056734048
1788458242,200,POST,/predict,96.000000,0.000000,4100,4900,5600,5800,6600,6700,7100,7500,7500,7500,7500,24186,0,260,976.6350438414432,0.5963749999864376,8560.29616700016,92.99892499793269
1788458242,200,,Aggregated,96.000000,0.000000,4100,4900,5600,5800,6600,6700,7100,7500,7500,7500,7500,24186,0,260,976.6350438414432,0.5963749999864376,8560.29616700016,92.99892499793269
1788458243,200,POST,/predict,96.000000,0.000000,4100,4900,5600,5800,6600,6700,7100,7500,7500,7500,7500,24186,0,260,976.6350438414432,0.5963749999864376,8560.29616700016,92.99892499793269
1788458243,200,,Aggregated,96.000000,0.000000,4100,4900,5600,5800,6600,6700,7100,7500,7500,7500,7500,24186,0,260,976.6350438414432,0.5963749999864376,8560.29616700016,92.99892499793269
1788458244,200,POST,/predict,96.000000,0.000000,4700,5000,5700,5900,6600,6800,7400,7500,7500,7500,7500,24186,0,260,976.6350438414432,0.5963749999864376,8560.29616700016,92.99892499793269
1788458244,200,,Aggregated,96.000000,0.000000,4700,5000,5700,5900,6600,6800,7400,7500,7500,7500,7500,24186,0,260,976.6350438414432,0.5963749999864376,8560.29616700016,92.99892499793269
1788458245,200,POST,/predict,96.000000,0.000000,4700,5000,5700,5900,6600,6800,7400,7500,7500,7500,7500,24186,0,260,976.6350438414432,0.5963749999864376,8560.29616700016,92.99892499793269
1788458245,200,,Aggregated,96.000000,0.000000,4700,5000,5700,5900,6600,6800,7400,7500,7500,7500,7500,24186,0,260,976.6350438414432,0.5963749999864376,8560.29616700016,92.99892499793269
1788458246,200,POST,/predict,96.000000,0.000000,4700,5000,5700,5900,6600,6800,7400,7500,7500,7500,7500,24186,0,260,976.6350438414432,0.5963749999864376,8560.29616700016,92.99892499793269
1788458246,200,,Aggregated,96.000000,0.000000,4700,5000,5700,5900,6600,6800,7400,7500,7500,7500,7500,24186,0,260,976.6350438414432,0.5963749999864376,8560.29616700016,92.99892499793269
1788458247,200,POST,/predict,96.000000,0.000000,4700,5000,5700,5900,6600,6800,7400,7500,7500,7500,7500,24186,0,260,976.6350438414432,0.5963749999864376,8560.29616700016,92.99892499793269
1788458247,200,,Aggregated,96.000000,0.000000,4700,5000,5700,5900,6600,6800,7400,7500,7500,7500,7500,24186,0,260,976.6350438414432,0.5963749999864376,8560.29616700016,92.99892499793269
1788458248,200,POST,/predict,55.300000,0.000000,4500,5900,6600,6900,9200,10000,10000,10000,10000,10000,10000,24334,0,260,997.3372416631526,0.5963749999864376,10165.568792000158,92.99712336648311
1788458248,200,,Aggregated,55.300000,0.000000,4500,5900,6600,6900,9200,10000,10000,10000,10000,10000,10000,24334,0,260,997.3372416631526,0.5963749999864376,10165.568792000158,92.99712336648311
1788458249,200,POST,/predict,55.300000,0.000000,4500,5900,6600,6900,9200,10000,10000,10000,10000,10000,10000,24334,0,260,997.3372416631526,0.5963749999864376,10165.568792000158,92.99712336648311
1788458249,200,,Aggregated,55.300000,0.000000,4500,5900,6600,6900,9200,10000,10000,10000,10000,10000,10000,24334,0,260,997.3372416631526,0.5963749999864376,10165.568792000158,92.99712336648311
1788458250,200,POST,/predict,55.300000,0.000000,4500,5900,6600,6900,9200,10000,10000,10000,10000,10000,10000,24334,0,260,997.3372416631526,0.5963749999864376,10165.568792000158,92.99712336648311
1788458250,200,,Aggregated,55.300000,0.000000,4500,5900,6600,6900,9200,10000,10000,10000,10000,10000,10000,24334,0,260,997.3372416631526,0.5963749999864376,10165.568792000158,92.99712336648311
1788458251,200,POST,/predict,35.300000,0.000000,4800,6700,9200,9300,10000,10000,11000,13000,13000,13000,13000,24552,0,270,1039.8273678653534,0.5963749999864376,12810.362000000168,92.99657869012708
1788458251,200,,Aggregated,35.300000,0.000000,4800,6700,9200,9300,10000,10000,11000,13000,13000,13000,13000,24552,0,270,1039.8273678653534,0.5963749999864376,12810.362000000168,92.99657869012708
1788458252,200,POST,/predict,35.300000,0.000000,4800,6700,9200,9300,10000,10000,11000,13000,13000,13000,13000,24552,0,270,1039.8273678653534,0.5963749999864376,12810.362000000168,92.99657869012708
1788458252,200,,Aggregated,35.300000,0.000000,4800,6700,9200,9300,10000,10000,11000,13000,13000,13000,13000,24552,0,270,1039.8273678653534,0.5963749999864376,12810.362000000168,92.99657869012708
1788458253,200,POST,/predict,35.300000,0.000000,9000,10000,10000,10000,10000,11000,13000,13000,13000,13000,13000,24552,0,270,1039.8273678653534,0.5963749999864376,12810.362000000168,92.99657869012708
1788458253,200,,Aggregated,35.300000,0.000000,9000,10000,10000,10000,10000,11000,13000,13000,13000,13000,13000,24552,0,270,1039.8273678653534,0.5963749999864376,12810.362000000168,92.99657869012708
1788458254,200,POST,/predict,36.600000,0.000000,3800,6300,6800,9300,10000,11000,13000,13000,13000,13000,13000,24954,0,270,1066.28313167072,0.5963749999864376,13154.008249999606,92.99258635890038
1788458254,200,,Aggregated,36.600000,0.000000,3800,6300,6800,9300,10000,11000,13000,13000,13000,13000,13000,24954,0,270,1066.28313167072,0.5963749999864376,13154.008249999606,92.99258635890038
1788458255,200,POST,/predict,36.600000,0.000000,3800,6300,6800,9300,10000,11000,13000,13000,13000,13000,13000,24954,0,270,1066.28313167072,0.5963749999864376,13154.008249999606,92.99258635890038
1788458255,200,,Aggregated,36.600000,0.000000,3800,6300,6800,9300,10000,11000,13000,13000,13000,13000,13000,24954,0,270,1066.28313167072,0.5963749999864376,13154.008249999606,92.99258635890038
1788458257,200,POST,/predict,36.600000,0.000000,3800,6300,6800,9300,10000,11000,13000,13000,13000,13000,13000,24954,0,270,1066.28313167072,0.5963749999864376,13154.008249999606,92.99258635890038
1788458257,200,,Aggregated,36.600000,0.000000,3800,6300,6800,9300,10000,11000,13000,13000,13000,13000,13000,24954,0,270,1066.28313167072,0.5963749999864376,13154.008249999606,92.99258635890038
1788458258,200,POST,/predict,73.500000,0.000000,2600,2800,4000,4300,6800,10000,11000,13000,13000,13000,13000,25348,0,270,1071.8126393054338,0.5963749999864376,13154.008249999606,92.99246488874861
1788458258,200,,Aggregated,73.500000,0.000000,2600,2800,4000,4300,6800,10000,11000,13000,13000,13000,13000,25348,0,270,1071.8126393054338,0.5963749999864376,13154.008249999606,92.99246488874861
1788458259,200,POST,/predict,73.500000,0.000000,2600,2800,4000,4300,6800,10000,11000,13000,13000,13000,13000,25348,0,270,1071.8126393054338,0.5963749999864376,13154.008249999606,92.99246488874861
1788458259,200,,Aggregated,73.500000,0.000000,2600,2800,4000,4300,6800,10000,11000,13000,13000,13000,13000,25348,0,270,1071.8126393054338,0.5963749999864376,13154.008249999606,92.99246488874861
1788458260,200,POST,/predict,73.500000,0.000000,2600,2800,3800,4000,6400,6800,10000,13000,13000,13000,13000,25348,0,270,1071.8126393054338,0.5963749999864376,13154.008249999606,92.99246488874861
1788458260,200,,Aggregated,73.500000,0.000000,2600,2800,3800,4000,6400,6800,10000,13000,13000,13000,13000,25348,0,270,1071.8126393054338,0.5963749999864376,13154.008249999606,92.99246488874861
1788458261,200,POST,/predict,101.400000,0.000000,2500,2900,4100,4300,6300,6500,10000,13000,13000,13000,13000,25552,0,270,1080.835434861073,0.5963749999864376,13154.008249999606,92.99005948653726
1788458261,200,,Aggregated,101.400000,0.000000,2500,2900,4100,4300,6300,6500,10000,13000,13000,13000,13000,25552,0,270,1080.835434861073,0.5963749999864376,13154.008249999606,92.99005948653726
1788458262,200,POST,/predict,101.400000,0.000000,2500,2900,4100,4300,6300,6500,10000,13000,13000,13000,13000,25552,0,270,1080.835434861073,0.5963749999864376,13154.008249999606,92.99005948653726
1788458262,200,,Aggregated,101.400000,0.000000,2500,2900,4100,4300,6300,6500,10000,13000,13000,13000,13000,25552,0,270,1080.835434861073,0.5963749999864376,13154.008249999606,92.99005948653726
1788458263,200,POST,/predict,101.400000,0.000000,160,2800,3900,4300,4500,6400,6600,6800,13000,13000,13000,25552,0,270,1080.835434861073,0.5963749999864376,13154.008249999606,92.99005948653726
1788458263,200,,Aggregated,101.400000,0.000000,160,2800,3900,4300,4500,6400,6600,6800,13000,13000,13000,25552,0,270,1080.835434861073,0.5963749999864376,13154.008249999606,92.99005948653726
1788458264,200,POST,/predict,101.300000,0.000000,170,2900,3900,4300,4500,4600,6500,6700,13000,13000,13000,25953,0,270,1093.9182752768138,0.5963749999864376,13154.008249999606,92.9867838014873
1788458264,200,,Aggregated,101.300000,0.000000,170,2900,3900,4300,4500,4600,6500,6700,13000,13000,13000,25953,0,270,1093.9182752768138,0.5963749999864376,13154.008249999606,92.9867838014873
1788458265,200,POST,/predict,101.300000,0.000000,170,2900,3900,4300,4500,4600,6500,6700,13000,13000,13000,25953,0,270,1093.9182752768138,0.5963749999864376,13154.008249999606,92.9867838014873
1788458265,200,,Aggregated,101.300000,0.000000,170,2900,3900,4300,4500,4600,6500,6700,13000,13000,13000,25953,0,270,1093.9182752768138,0.5963749999864376,13154.008249999606,92.9867838014873
1788458266,200,POST,/predict,101.300000,0.000000,170,2900,3300,4400,4500,4500,4600,4600,4600,4600,4600,25953,0,270,1093.9182752768138,0.5963749999864376,13154.008249999606,92.9867838014873
1788458266,200,,Aggregated,101.300000,0.000000,170,2900,3300,4400,4500,4500,4600,4600,4600,4600,4600,25953,0,270,1093.9182752768138,0.5963749999864376,13154.008249999606,92.9867838014873
1788458267,200,POST,/predict,120.300000,0.000000,170,3100,3600,3700,4400,4500,4500,4600,4600,4600,4600,26158,0,270,1099.409790537814,0.5963749999864376,13154.008249999606,92.98585518770548
1788458267,200,,Aggregated,120.300000,0.000000,170,3100,3600,3700,4400,4500,4500,4600,4600,4600,4600,26158,0,270,1099.409790537814,0.5963749999864376,13154.008249999606,92.98585518770548
1788458268,200,POST,/predict,120.300000,0.000000,2900,3600,3700,4400,4500,4500,4600,4600,4600,4600,4600,26158,0,270,1099.409790537814,0.5963749999864376,13154.008249999606,92.98585518770548
1788458268,200,,Aggregated,120.300000,0.000000,2900,3600,3700,4400,4500,4500,4600,4600,4600,4600,4600,26158,0,270,1099.409790537814,0.5963749999864376,13154.008249999606,92.98585518770548
1788458269,200,POST,/predict,120.300000,0.000000,2900,3600,3700,4400,4500,4500,4600,4600,4600,4600,4600,26158,0,270,1099.409790537814,0.5963749999864376,13154.008249999606,92.98585518770548
1788458269,200,,Aggregated,120.300000,0.000000,2900,3600,3700,4400,4500,4500,4600,4600,4600,4600,4600,26158,0,270,1099.409790537814,0.5963749999864376,13154.008249999606,92.98585518770548
1788458270,200,POST,/predict,95.900000,0.000000,3000,3800,4100,4200,4400,4500,4500,4600,4600,4600,4600,26536,0,270,1115.1508443984453,0.5963749999864376,13154.008249999606,92.98424781429001
1788458270,200,,Aggregated,95.900000,0.000000,3000,3800,4100,4200,4400,4500,4500,4600,4600,4600,4600,26536,0,270,1115.1508443984453,0.5963749999864376,13154.008249999606,92.98424781429001
1788458271,200,POST,/predict,95.900000,0.000000,3000,3800,4100,4200,4400,4500,4500,4600,4600,4600,4600,26536,0,270,1115.1508443984453,0.5963749999864376,13154.008249999606,92.98424781429001
1788458271,200,,Aggregated,95.900000,0.000000,3000,3800,4100,4200,4400,4500,4500,4600,4600,4600,4600,26536,0,270,1115.1508443984453,0.5963749999864376,13154.008249999606,92.98424781429001
1788458272,200,POST,/predict,95.900000,0.000000,3100,3700,4000,4100,4300,4400,4500,4600,4600,4600,4600,26536,0,270,1115.1508443984453,0.5963749999864376,13154.008249999606,92.98424781429001
1788458272,200,,Aggregated,95.900000,0.000000,3100,3700,4000,4100,4300,4400,4500,4600,4600,4600,4600,26536,0,270,1115.1508443984453,0.5963749999864376,13154.008249999606,92.98424781429001
1788458273,200,POST,/predict,100.300000,0.000000,3100,3700,3900,4000,4300,4400,4500,4600,4600,4600,4600,26741,0,270,1120.9816387368892,0.5963749999864376,13154.008249999606,92.98216222280394
1788458273,200,,Aggregated,100.300000,0.000000,3100,3700,3900,4000,4300,4400,4500,4600,4600,4600,4600,26741,0,270,1120.9816387368892,0.5963749999864376,13154.008249999606,92.98216222280394
1788458274,200,POST,/predict,100.300000,0.000000,3500,3800,3900,4000,4100,4300,4400,4400,4400,4400,4400,26741,0,270,1120.9816387368892,0.5963749999864376,13154.008249999606,92.98216222280394
1788458274,200,,Aggregated,100.300000,0.000000,3500,3800,3900,4000,4100,4300,4400,4400,4400,4400,4400,26741,0,270,1120.9816387368892,0.5963749999864376,13154.008249999606,92.98216222280394
1788458275,200,POST,/predict,100.300000,0.000000,3500,3800,3900,4000,4100,4300,4400,4400,4400,4400,4400,26741,0,270,1120.9816387368892,0.5963749999864376,13154.008249999606,92.98216222280394
1788458275,200,,Aggregated,100.300000,0.000000,3500,3800,3900,4000,4100,4300,4400,4400,4400,4400,4400,26741,0,270,1120.9816387368892,0.5963749999864376,13154.008249999606,92.98216222280394
1788458276,200,POST,/predict,98.600000,0.000000,3300,3700,3900,4000,4100,4200,4300,4400,4400,4400,4400,27153,0,270,1131.4266743087746,0.5963749999864376,13154.008249999606,92.98107023165028
1788458276,200,,Aggregated,98.600000,0.000000,3300,3700,3900,4000,4100,4200,4300,4400,4400,4400,4400,27153,0,270,1131.4266743087746,0.5963749999864376,13154.008249999606,92.98107023165028
1788458277,200,POST,/predict,98.600000,0.000000,3300,3800,3900,4000,4100,4200,4300,4400,4400,4400,4400,27153,0,270,1131.4266743087746,0.5963749999864376,13154.008249999606,92.98107023165028
1788458277,200,,Aggregated,98.600000,0.000000,3300,3800,3900,4000,4100,4200,4300,4400,4400,4400,4400,27153,0,270,1131.4266743087746,0.5963749999864376,13154.008249999606,92.98107023165028
1788458278,200,POST,/predict,98.600000,0.000000,3300,3800,3900,4000,4100,4200,4300,4400,4400,4400,4400,27153,0,270,1131.4266743087746,0.5963749999864376,13154.008249999606,92.98107023165028
1788458278,200,,Aggregated,98.600000,0.000000,3300,3800,3900,4000,4100,4200,4300,4400,4400,4400,4400,27153,0,270,1131.4266743087746,0.5963749999864376,13154.008249999606,92.98107023165028
1788458279,200,POST,/predict,117.500000,0.000000,170,3500,3700,3900,4000,4100,4300,4400,4400,4400,4400,27576,0,270,1137.1314778374006,0.5963749999864376,13154.008249999606,92.97896721787062
1788458279,200,,Aggregated,117.500000,0.000000,170,3500,3700,3900,4000,4100,4300,4400,4400,4400,4400,27576,0,270,1137.1314778374006,0.5963749999864376,13154.008249999606,92.97896721787062
1788458280,200,POST,/predict,117.500000,0.000000,110,3400,3500,3600,3900,4000,4100,4100,4200,4200,4200,27576,0,270,1137.1314778374006,0.5963749999864376,13154.008249999606,92.97896721787062
1788458280,200,,Aggregated,117.500000,0.000000,110,3400,3500,3600,3900,4000,4100,4100,4200,4200,4200,27576,0,270,1137.1314778374006,0.5963749999864376,13154.008249999606,92.97896721787062
1788458281,200,POST,/predict,117.500000,0.000000,110,3400,3500,3600,3900,4000,4100,4100,4200,4200,4200,27576,0,270,1137.1314778374006,0.5963749999864376,13154.008249999606,92.97896721787062
1788458281,200,,Aggregated,117.500000,0.000000,110,3400,3500,3600,3900,4000,4100,4100,4200,4200,4200,27576,0,270,1137.1314778374006,0.5963749999864376,13154.008249999606,92.97896721787062
1788458282,200,POST,/predict,122.200000,0.000000,130,3400,3600,3800,4000,4200,4300,4300,4300,4300,4300,27766,0,270,1144.5977160845332,0.5963749999864376,13154.008249999606,92.97759850176475
1788458282,200,,Aggregated,122.200000,0.000000,130,3400,3600,3800,4000,4200,4300,4300,4300,4300,4300,27766,0,270,1144.5977160845332,0.5963749999864376,13154.008249999606,92.97759850176475
1788458283,200,POST,/predict,122.200000,0.000000,130,3400,3500,3600,4100,4200,4300,4300,4300,4300,4300,27766,0,270,1144.5977160845332,0.5963749999864376,13154.008249999606,92.97759850176475
1788458283,200,,Aggregated,122.200000,0.000000,130,3400,3500,3600,4100,4200,4300,4300,4300,4300,4300,27766,0,270,1144.5977160845332,0.5963749999864376,13154.008249999606,92.97759850176475
1788458284,200,POST,/predict,122.200000,0.000000,130,3400,3500,3600,4100,4200,4300,4300,4300,4300,4300,27766,0,270,1144.5977160845332,0.5963749999864376,13154.008249999606,92.97759850176475
1788458284,200,,Aggregated,122.200000,0.000000,130,3400,3500,3600,4100,4200,4300,4300,4300,4300,4300,27766,0,270,1144.5977160845332,0.5963749999864376,13154.008249999606,92.97759850176475
1788458285,200,POST,/predict,104.800000,0.000000,160,3400,3700,4000,4300,4800,4900,5000,5000,5000,5000,27954,0,270,1154.4196149183356,0.5963749999864376,13154.008249999606,92.97510195320885
1788458285,200,,Aggregated,104.800000,0.000000,160,3400,3700,4000,4300,4800,4900,5000,5000,5000,5000,27954,0,270,1154.4196149183356,0.5963749999864376,13154.008249999606,92.97510195320885
1788458286,200,POST,/predict,104.800000,0.000000,160,3400,3700,4000,4300,4800,4900,5000,5000,5000,5000,27954,0,270,1154.4196149183356,0.5963749999864376,13154.008249999606,92.97510195320885
1788458286,200,,Aggregated,104.800000,0.000000,160,3400,3700,4000,4300,4800,4900,5000,5000,5000,5000,27954,0,270,1154.4196149183356,0.5963749999864376,13154.008249999606,92.97510195320885
1788458287,200,POST,/predict,104.800000,0.000000,2600,3500,4200,4200,4800,4900,5000,5000,5000,5000,5000,27954,0,270,1154.4196149183356,0.5963749999864376,13154.008249999606,92.97510195320885
1788458287,200,,Aggregated,104.800000,0.000000,2600,3500,4200,4200,4800,4900,5000,5000,5000,5000,5000,27954,0,270,1154.4196149183356,0.5963749999864376,13154.008249999606,92.97510195320885
1788458288,200,POST,/predict,80.100000,0.000000,2600,3700,4300,4700,5700,5700,6900,6900,6900,6900,6900,28151,0,270,1168.6945107637082,0.5963749999864376,13154.008249999606,92.97232780363042
1788458288,200,,Aggregated,80.100000,0.000000,2600,3700,4300,4700,5700,5700,6900,6900,6900,6900,6900,28151,0,270,1168.6945107637082,0.5963749999864376,13154.008249999606,92.97232780363042
1788458289,200,POST,/predict,80.100000,0.000000,2600,3700,4300,4700,5700,5700,6900,6900,6900,6900,6900,28151,0,270,1168.6945107637082,0.5963749999864376,13154.008249999606,92.97232780363042
1788458289,200,,Aggregated,80.100000,0.000000,2600,3700,4300,4700,5700,5700,6900,6900,6900,6900,6900,28151,0,270,1168.6945107637082,0.5963749999864376,13154.008249999606,92.97232780363042
1788458290,200,POST,/predict,80.100000,0.000000,4100,4700,4900,5000,5700,6700,6900,6900,6900,6900,6900,28151,0,270,1168.6945107637082,0.5963749999864376,13154.008249999606,92.97232780363042
1788458290,200,,Aggregated,80.100000,0.000000,4100,4700,4900,5000,5700,6700,6900,6900,6900,6900,6900,28151,0,270,1168.6945107637082,0.5963749999864376,13154.008249999606,92.97232780363042
1788458291,200,POST,/predict,80.100000,0.000000,4100,4700,4900,5000,5700,6700,6900,6900,6900,6900,6900,28151,0,270,1168.6945107637082,0.5963749999864376,13154.008249999606,92.97232780363042
1788458291,200,,Aggregated,80.100000,0.000000,4100,4700,4900,5000,5700,6700,6900,6900,6900,6900,6900,28151,0,270,1168.6945107637082,0.5963749999864376,13154.008249999606,92.97232780363042
1788458292,200,POST,/predict,80.100000,0.000000,4700,4900,5700,5700,5800,6900,6900,6900,6900,6900,6900,28151,0,270,1168.6945107637082,0.5963749999864376,13154.008249999606,92.97232780363042
1788458292,200,,Aggregated,80.100000,0.000000,4700,4900,5700,5700,5800,6900,6900,6900,6900,6900,6900,28151,0,270,1168.6945107637082,0.5963749999864376,13154.008249999606,92.97232780363042
1788458293,200,POST,/predict,80.100000,0.000000,4700,4900,5700,5700,5800,6900,6900,6900,6900,6900,6900,28151,0,270,1168.6945107637082,0.5963749999864376,13154.008249999606,92.97232780363042
1788458293,200,,Aggregated,80.100000,0.000000,4700,4900,5700,5700,5800,6900,6900,6900,6900,6900,6900,28151,0,270,1168.6945107637082,0.5963749999864376,13154.008249999606,92.97232780363042
1788458294,200,POST,/predict,57.500000,0.000000,4600,5700,5800,6900,8600,8700,8700,8700,8700,8700,8700,28358,0,270,1190.784875403242,0.5963749999864376,13154.008249999606,92.96932082657452
1788458294,200,,Aggregated,57.500000,0.000000,4600,5700,5800,6900,8600,8700,8700,8700,8700,8700,8700,28358,0,270,1190.784875403242,0.5963749999864376,13154.008249999606,92.96932082657452
1788458295,200,POST,/predict,57.500000,0.000000,940,6800,8500,8600,8700,8700,8700,8700,8700,8700,8700,28358,0,270,1190.784875403242,0.5963749999864376,13154.008249999606,92.96932082657452
1788458295,200,,Aggregated,57.500000,0.000000,940,6800,8500,8600,8700,8700,8700,8700,8700,8700,8700,28358,0,270,1190.784875403242,0.5963749999864376,13154.008249999606,92.96932082657452
1788458296,200,POST,/predict,57.500000,0.000000,940,6800,8500,8600,8700,8700,8700,8700,8700,8700,8700,28358,0,270,1190.784875403242,0.5963749999864376,13154.008249999606,92.96932082657452
1788458296,200,,Aggregated,57.500000,0.000000,940,6800,8500,8600,8700,8700,8700,8700,8700,8700,8700,28358,0,270,1190.784875403242,0.5963749999864376,13154.008249999606,92.96932082657452
1788458297,200,POST,/predict,57.500000,0.000000,940,6800,8500,8600,8700,8700,8700,8700,8700,8700,8700,28358,0,270,1190.784875403242,0.5963749999864376,13154.008249999606,92.96932082657452
1788458297,200,,Aggregated,57.500000,0.000000,940,6800,8500,8600,8700,8700,8700,8700,8700,8700,8700,28358,0,270,1190.784875403242,0.5963749999864376,13154.008249999606,92.96932082657452
1788458298,200,POST,/predict,57.500000,0.000000,940,6800,8500,8600,8700,8700,8700,8700,8700,8700,8700,28358,0,270,1190.784875403242,0.5963749999864376,13154.008249999606,92.96932082657452
1788458298,200,,Aggregated,57.500000,0.000000,940,6800,8500,8600,8700,8700,8700,8700,8700,8700,8700,28358,0,270,1190.784875403242,0.5963749999864376,13154.008249999606,92.96932082657452
1788458299,200,POST,/predict,57.500000,0.000000,940,6800,8500,8600,8700,8700,8700,8700,8700,8700,8700,28358,0,270,1190.784875403242,0.5963749999864376,13154.008249999606,92.96932082657452
1788458299,200,,Aggregated,57.500000,0.000000,940,6800,8500,8600,8700,8700,8700,8700,8700,8700,8700,28358,0,270,1190.784875403242,0.5963749999864376,13154.008249999606,92.96932082657452
1788458300,200,POST,/predict,38.300000,0.000000,7300,7800,8600,8700,9800,11000,11000,11000,11000,11000,11000,28646,0,270,1225.2923814963394,0.5963749999864376,13154.008249999606,92.96606856105565
1788458300,200,,Aggregated,38.300000,0.000000,7300,7800,8600,8700,9800,11000,11000,11000,11000,11000,11000,28646,0,270,1225.2923814963394,0.5963749999864376,13154.008249999606,92.96606856105565
1788458301,200,POST,/predict,38.300000,0.000000,7300,7800,8600,8700,9800,11000,11000,11000,11000,11000,11000,28646,0,270,1225.2923814963394,0.5963749999864376,13154.008249999606,92.96606856105565
1788458301,200,,Aggregated,38.300000,0.000000,7300,7800,8600,8700,9800,11000,11000,11000,11000,11000,11000,28646,0,270,1225.2923814963394,0.5963749999864376,13154.008249999606,92.96606856105565
1788458302,200,POST,/predict,38.300000,0.000000,7300,7800,8600,8700,9800,11000,11000,11000,11000,11000,11000,28646,0,270,1225.2923814963394,0.5963749999864376,13154.008249999606,92.96606856105565
1788458302,200,,Aggregated,38.300000,0.000000,7300,7800,8600,8700,9800,11000,11000,11000,11000,11000,11000,28646,0,270,1225.2923814963394,0.5963749999864376,13154.008249999606,92.96606856105565
1788458303,200,POST,/predict,38.300000,0.000000,7300,7800,8600,8700,9800,11000,11000,11000,11000,11000,11000,28646,0,270,1225.2923814963394,0.5963749999864376,13154.008249999606,92.96606856105565
1788458303,200,,Aggregated,38.300000,0.000000,7300,7800,8600,8700,9800,11000,11000,11000,11000,11000,11000,28646,0,270,1225.2923814963394,0.5963749999864376,13154.008249999606,92.96606856105565
1788458304,200,POST,/predict,38.300000,0.000000,7300,7800,8600,8700,9800,11000,11000,11000,11000,11000,11000,28646,0,270,1225.2923814963394,0.5963749999864376,13154.008249999606,92.96606856105565
1788458304,200,,Aggregated,38.300000,0.000000,7300,7800,8600,8700,9800,11000,11000,11000,11000,11000,11000,28646,0,270,1225.2923814963394,0.5963749999864376,13154.008249999606,92.96606856105565
1788458305,200,POST,/predict,38.300000,0.000000,7300,7800,8600,8700,9800,11000,11000,11000,11000,11000,11000,28646,0,270,1225.2923814963394,0.5963749999864376,13154.008249999606,92.96606856105565
1788458305,200,,Aggregated,38.300000,0.000000,7300,7800,8600,8700,9800,11000,11000,11000,11000,11000,11000,28646,0,270,1225.2923814963394,0.5963749999864376,13154.008249999606,92.96606856105565
1788458306,200,POST,/predict,49.500000,0.000000,6200,7700,9600,9800,11000,17000,17000,17000,17000,17000,17000,28773,0,280,1246.6361961738135,0.5963749999864376,17235.57670900027,92.96517568553853
1788458306,200,,Aggregated,49.500000,0.000000,6200,7700,9600,9800,11000,17000,17000,17000,17000,17000,17000,28773,0,280,1246.6361961738135,0.5963749999864376,17235.57670900027,92.96517568553853
1788458307,200,POST,/predict,49.500000,0.000000,6200,7700,9600,9800,11000,17000,17000,17000,17000,17000,17000,28773,0,280,1246.6361961738135,0.5963749999864376,17235.57670900027,92.96517568553853
1788458307,200,,Aggregated,49.500000,0.000000,6200,7700,9600,9800,11000,17000,17000,17000,17000,17000,17000,28773,0,280,1246.6361961738135,0.5963749999864376,17235.57670900027,92.96517568553853
1788458308,200,POST,/predict,49.500000,0.000000,6200,7700,9600,9800,11000,17000,17000,17000,17000,17000,17000,28773,0,280,1246.6361961738135,0.5963749999864376,17235.57670900027,92.96517568553853
1788458308,200,,Aggregated,49.500000,0.000000,6200,7700,9600,9800,11000,17000,17000,17000,17000,17000,17000,28773,0,280,1246.6361961738135,0.5963749999864376,17235.57670900027,92.96517568553853
1788458309,200,POST,/predict,41.500000,0.000000,6200,7600,7800,9800,15000,16000,17000,17000,17000,17000,17000,28930,0,280,1265.6243649429011,0.5963749999864376,17235.57670900027,92.96408572416178
1788458309,200,,Aggregated,41.500000,0.000000,6200,7600,7800,9800,15000,16000,17000,17000,17000,17000,17000,28930,0,280,1265.6243649429011,0.5963749999864376,17235.57670900027,92.96408572416178
1788458310,200,POST,/predict,41.500000,0.000000,6200,7600,7800,9800,15000,16000,17000,17000,17000,17000,17000,28930,0,280,1265.6243649429011,0.5963749999864376,17235.57670900027,92.96408572416178
1788458310,200,,Aggregated,41.500000,0.000000,6200,7600,7800,9800,15000,16000,17000,17000,17000,17000,17000,28930,0,280,1265.6243649429011,0.5963749999864376,17235.57670900027,92.96408572416178
1788458311,200,POST,/predict,41.500000,0.000000,6200,7600,7800,9800,15000,16000,17000,17000,17000,17000,17000,28930,0,280,1265.6243649429011,0.5963749999864376,17235.57670900027,92.96408572416178
1788458311,200,,Aggregated,41.500000,0.000000,6200,7600,7800,9800,15000,16000,17000,17000,17000,17000,17000,28930,0,280,1265.6243649429011,0.5963749999864376,17235.57670900027,92.96408572416178
1788458312,200,POST,/predict,58.900000,0.000000,110,3300,5600,6400,12000,15000,17000,17000,17000,17000,17000,29513,0,270,1290.5606056432462,0.5963749999864376,17235.57670900027,92.96164402127876
1788458312,200,,Aggregated,58.900000,0.000000,110,3300,5600,6400,12000,15000,17000,17000,17000,17000,17000,29513,0,270,1290.5606056432462,0.5963749999864376,17235.57670900027,92.96164402127876
1788458313,200,POST,/predict,58.900000,0.000000,110,3300,5600,6400,12000,15000,17000,17000,17000,17000,17000,29513,0,270,1290.5606056432462,0.5963749999864376,17235.57670900027,92.96164402127876
1788458313,200,,Aggregated,58.900000,0.000000,110,3300,5600,6400,12000,15000,17000,17000,17000,17000,17000,29513,0,270,1290.5606056432462,0.5963749999864376,17235.57670900027,92.96164402127876
1788458314,200,POST,/predict,58.900000,0.000000,110,3300,5600,6400,12000,15000,17000,17000,17000,17000,17000,29513,0,270,1290.5606056432462,0.5963749999864376,17235.57670900027,92.96164402127876
1788458314,200,,Aggregated,58.900000,0.000000,110,3300,5600,6400,12000,15000,17000,17000,17000,17000,17000,29513,0,270,1290.5606056432462,0.5963749999864376,17235.57670900027,92.96164402127876
1788458315,200,POST,/predict,86.700000,0.000000,100,2700,3100,3300,7400,12000,13000,15000,15000,15000,15000,29894,0,270,1293.2531167042591,0.5963749999864376,17235.57670900027,92.96186525724225
1788458315,200,,Aggregated,86.700000,0.000000,100,2700,3100,3300,7400,12000,13000,15000,15000,15000,15000,29894,0,270,1293.2531167042591,0.5963749999864376,17235.57670900027,92.96186525724225
1788458316,200,POST,/predict,86.700000,0.000000,100,2700,3100,3300,7400,12000,13000,15000,15000,15000,15000,29894,0,270,1293.2531167042591,0.5963749999864376,17235.57670900027,92.96186525724225
1788458316,200,,Aggregated,86.700000,0.000000,100,2700,3100,3300,7400,12000,13000,15000,15000,15000,15000,29894,0,270,1293.2531167042591,0.5963749999864376,17235.57670900027,92.96186525724225
1788458317,200,POST,/predict,115.200000,0.000000,100,3000,3200,3400,5600,7600,13000,13000,15000,15000,15000,30193,0,270,1296.1361334379199,0.5963749999864376,17235.57670900027,92.96184546086842
1788458317,200,,Aggregated,115.200000,0.000000,100,3000,3200,3400,5600,7600,13000,13000,15000,15000,15000,30193,0,270,1296.1361334379199,0.5963749999864376,17235.57670900027,92.96184546086842
1788458318,200,POST,/predict,115.200000,0.000000,100,3000,3200,3400,5600,7600,13000,13000,15000,15000,15000,30193,0,270,1296.1361334379199,0.5963749999864376,17235.57670900027,92.96184546086842
1788458318,200,,Aggregated,115.200000,0.000000,100,3000,3200,3400,5600,7600,13000,13000,15000,15000,15000,30193,0,270,1296.1361334379199,0.5963749999864376,17235.57670900027,92.96184546086842
1788458319,200,POST,/predict,115.200000,0.000000,100,2800,3100,3300,3500,5600,13000,13000,13000,13000,13000,30193,0,270,1296.1361334379199,0.5963749999864376,17235.57670900027,92.96184546086842
1788458319,200,,Aggregated,115.200000,0.000000,100,2800,3100,3300,3500,5600,13000,13000,13000,13000,13000,30193,0,270,1296.1361334379199,0.5963749999864376,17235.57670900027,92.96184546086842
1788458320,200,POST,/predict,120.300000,0.000000,2100,2700,3100,3200,3400,5600,12000,13000,13000,13000,13000,30509,0,280,1298.8189215917307,0.5963749999864376,17235.57670900027,92.9613884427546
1788458320,200,,Aggregated,120.300000,0.000000,2100,2700,3100,3200,3400,5600,12000,13000,13000,13000,13000,30509,0,280,1298.8189215917307,0.5963749999864376,17235.57670900027,92.9613884427546
1788458321,200,POST,/predict,120.300000,0.000000,2100,2700,3100,3200,3400,5600,12000,13000,13000,13000,13000,30509,0,280,1298.8189215917307,0.5963749999864376,17235.57670900027,92.9613884427546
1788458321,200,,Aggregated,120.300000,0.000000,2100,2700,3100,3200,3400,5600,12000,13000,13000,13000,13000,30509,0,280,1298.8189215917307,0.5963749999864376,17235.57670900027,92.9613884427546
1788458322,200,POST,/predict,120.300000,0.000000,2100,2700,3100,3200,3400,5600,12000,13000,13000,13000,13000,30509,0,280,1298.8189215917307,0.5963749999864376,17235.57670900027,92.9613884427546
1788458322,200,,Aggregated,120.300000,0.000000,2100,2700,3100,3200,3400,5600,12000,13000,13000,13000,13000,30509,0,280,1298.8189215917307,0.5963749999864376,17235.57670900027,92.9613884427546
1788458323,200,POST,/predict,124.900000,0.000000,2500,2800,3100,3300,3500,4100,4200,4200,4200,4200,4200,30815,0,280,1304.1326071638202,0.5963749999864376,17235.57670900027,92.96014927794906
1788458323,200,,Aggregated,124.900000,0.000000,2500,2800,3100,3300,3500,4100,4200,4200,4200,4200,4200,30815,0,280,1304.1326071638202,0.5963749999864376,17235.57670900027,92.96014927794906
1788458324,200,POST,/predict,124.900000,0.000000,2500,2800,3100,3300,3500,4100,4200,4200,4200,4200,4200,30815,0,280,1304.1326071638202,0.5963749999864376,17235.57670900027,92.96014927794906
1788458324,200,,Aggregated,124.900000,0.000000,2500,2800,3100,3300,3500,4100,4200,4200,4200,4200,4200,30815,0,280,1304.1326071638202,0.5963749999864376,17235.57670900027,92.96014927794906
1788458325,200,POST,/predict,124.900000,0.000000,2500,2800,3100,3300,3500,4100,4200,4200,4200,4200,4200,30815,0,280,1304.1326071638202,0.5963749999864376,17235.57670900027,92.96014927794906
1788458325,200,,Aggregated,124.900000,0.000000,2500,2800,3100,3300,3500,4100,4200,4200,4200,4200,4200,30815,0,280,1304.1326071638202,0.5963749999864376,17235.57670900027,92.96014927794906
1788458326,200,POST,/predict,100.700000,0.000000,180,3100,3400,3400,4200,4900,5000,6000,6000,6000,6000,30959,0,280,1309.78752413683,0.5963749999864376,17235.57670900027,92.95849349139183
1788458326,200,,Aggregated,100.700000,0.000000,180,3100,3400,3400,4200,4900,5000,6000,6000,6000,6000,30959,0,280,1309.78752413683,0.5963749999864376,17235.57670900027,92.95849349139183
1788458327,200,POST,/predict,100.700000,0.000000,180,3100,3400,3400,4200,4900,5000,6000,6000,6000,6000,30959,0,280,1309.78752413683,0.5963749999864376,17235.57670900027,92.95849349139183
1788458327,200,,Aggregated,100.700000,0.000000,180,3100,3400,3400,4200,4900,5000,6000,6000,6000,6000,30959,0,280,1309.78752413683,0.5963749999864376,17235.57670900027,92.95849349139183
1788458328,200,POST,/predict,100.700000,0.000000,180,3100,3400,3400,4200,4900,5000,6000,6000,6000,6000,30959,0,280,1309.78752413683,0.5963749999864376,17235.57670900027,92.95849349139183
1788458328,200,,Aggregated,100.700000,0.000000,180,3100,3400,3400,4200,4900,5000,6000,6000,6000,6000,30959,0,280,1309.78752413683,0.5963749999864376,17235.57670900027,92.95849349139183
1788458329,200,POST,/predict,82.600000,0.000000,180,3300,4000,4200,4800,5000,9700,10000,10000,10000,10000,31372,0,270,1325.43968259528,0.5963749999864376,17235.57670900027,92.95502358791279
1788458329,200,,Aggregated,82.600000,0.000000,180,3300,4000,4200,4800,5000,9700,10000,10000,10000,10000,31372,0,270,1325.43968259528,0.5963749999864376,17235.57670900027,92.95502358791279
1788458330,200,POST,/predict,82.600000,0.000000,180,3300,4000,4200,4800,5000,9700,10000,10000,10000,10000,31372,0,270,1325.43968259528,0.5963749999864376,17235.57670900027,92.95502358791279
1788458330,200,,Aggregated,82.600000,0.000000,180,3300,4000,4200,4800,5000,9700,10000,10000,10000,10000,31372,0,270,1325.43968259528,0.5963749999864376,17235.57670900027,92.95502358791279
1788458331,200,POST,/predict,82.600000,0.000000,180,3300,4000,4200,4800,5000,9700,10000,10000,10000,10000,31372,0,270,1325.43968259528,0.5963749999864376,17235.57670900027,92.95502358791279
1788458331,200,,Aggregated,82.600000,0.000000,180,3300,4000,4200,4800,5000,9700,10000,10000,10000,10000,31372,0,270,1325.43968259528,0.5963749999864376,17235.57670900027,92.95502358791279
1788458332,200,POST,/predict,78.300000,0.000000,180,3200,3400,4100,4500,5000,9700,10000,10000,10000,10000,31751,0,280,1328.0402894453127,0.5963749999864376,17235.57670900027,92.95474158294228
1788458332,200,,Aggregated,78.300000,0.000000,180,3200,3400,4100,4500,5000,9700,10000,10000,10000,10000,31751,0,280,1328.0402894453127,0.5963749999864376,17235.57670900027,92.95474158294228
1788458333,200,POST,/predict,78.300000,0.000000,180,3200,3400,4100,4500,5000,9700,10000,10000,10000,10000,31751,0,280,1328.0402894453127,0.5963749999864376,17235.57670900027,92.95474158294228
1788458333,200,,Aggregated,78.300000,0.000000,180,3200,3400,4100,4500,5000,9700,10000,10000,10000,10000,31751,0,280,1328.0402894453127,0.5963749999864376,17235.57670900027,92.95474158294228
1788458334,200,POST,/predict,78.300000,0.000000,180,3200,3400,4100,4500,5000,9700,10000,10000,10000,10000,31751,0,280,1328.0402894453127,0.5963749999864376,17235.57670900027,92.95474158294228
1788458334,200,,Aggregated,78.300000,0.000000,180,3200,3400,4100,4500,5000,9700,10000,10000,10000,10000,31751,0,280,1328.0402894453127,0.5963749999864376,17235.57670900027,92.95474158294228
1788458335,200,POST,/predict,100.100000,0.000000,2300,3100,3300,3300,4300,4900,9700,9700,10000,10000,10000,32144,0,280,1331.7590956662248,0.5963749999864376,17235.57670900027,92.9540194126431
1788458335,200,,Aggregated,100.100000,0.000000,2300,3100,3300,3300,4300,4900,9700,9700,10000,10000,10000,32144,0,280,1331.7590956662248,0.5963749999864376,17235.57670900027,92.9540194126431
1788458336,200,POST,/predict,100.100000,0.000000,2300,3100,3300,3300,4300,4900,9700,9700,10000,10000,10000,32144,0,280,1331.7590956662248,0.5963749999864376,17235.57670900027,92.9540194126431
1788458336,200,,Aggregated,100.100000,0.000000,2300,3100,3300,3300,4300,4900,9700,9700,10000,10000,10000,32144,0,280,1331.7590956662248,0.5963749999864376,17235.57670900027,92.9540194126431
1788458337,200,POST,/predict,100.100000,0.000000,2300,3100,3300,3300,4300,4900,9700,9700,10000,10000,10000,32144,0,280,1331.7590956662248,0.5963749999864376,17235.57670900027,92.9540194126431
1788458337,200,,Aggregated,100.100000,0.000000,2300,3100,3300,3300,4300,4900,9700,9700,10000,10000,10000,32144,0,280,1331.7590956662248,0.5963749999864376,17235.57670900027,92.9540194126431
1788458338,200,POST,/predict,124.200000,0.000000,130,3100,3200,3300,3500,4300,9600,9700,10000,10000,10000,32388,0,280,1333.6473174815712,0.5963749999864376,17235.57670900027,92.95334691861183
1788458338,200,,Aggregated,124.200000,0.000000,130,3100,3200,3300,3500,4300,9600,9700,10000,10000,10000,32388,0,280,1333.6473174815712,0.5963749999864376,17235.57670900027,92.95334691861183
1788458339,200,POST,/predict,124.200000,0.000000,130,3100,3200,3300,3500,4300,9600,9700,10000,10000,10000,32388,0,280,1333.6473174815712,0.5963749999864376,17235.57670900027,92.95334691861183
1788458339,200,,Aggregated,124.200000,0.000000,130,3100,3200,3300,3500,4300,9600,9700,10000,10000,10000,32388,0,280,1333.6473174815712,0.5963749999864376,17235.57670900027,92.95334691861183
1788458340,200,POST,/predict,124.200000,0.000000,130,3100,3200,3300,3500,4300,9600,9700,10000,10000,10000,32388,0,280,1333.6473174815712,0.5963749999864376,17235.57670900027,92.95334691861183
1788458340,200,,Aggregated,124.200000,0.000000,130,3100,3200,3300,3500,4300,9600,9700,10000,10000,10000,32388,0,280,1333.6473174815712,0.5963749999864376,17235.57670900027,92.95334691861183
1788458341,200,POST,/predict,137.800000,0.000000,2400,3100,3200,3300,3500,4500,4900,5000,5000,5000,5000,32535,0,280,1339.8130586435263,0.5963749999864376,17235.57670900027,92.9524204702628
1788458341,200,,Aggregated,137.800000,0.000000,2400,3100,3200,3300,3500,4500,4900,5000,5000,5000,5000,32535,0,280,1339.8130586435263,0.5963749999864376,17235.57670900027,92.9524204702628
1788458342,200,POST,/predict,137.800000,0.000000,2400,3100,3200,3300,3500,4500,4900,5000,5000,5000,5000,32535,0,280,1339.8130586435263,0.5963749999864376,17235.57670900027,92.9524204702628
1788458342,200,,Aggregated,137.800000,0.000000,2400,3100,3200,3300,3500,4500,4900,5000,5000,5000,5000,32535,0,280,1339.8130586435263,0.5963749999864376,17235.57670900027,92.9524204702628
1788458343,200,POST,/predict,137.800000,0.000000,2400,3100,3200,3300,3500,4500,4900,5000,5000,5000,5000,32535,0,280,1339.8130586435263,0.5963749999864376,17235.57670900027,92.9524204702628
1788458343,200,,Aggregated,137.800000,0.000000,2400,3100,3200,3300,3500,4500,4900,5000,5000,5000,5000,32535,0,280,1339.8130586435263,0.5963749999864376,17235.57670900027,92.9524204702628
1788458344,200,POST,/predict,78.400000,0.000000,140,3200,3500,4500,6000,6200,6300,6300,6400,6400,6400,32835,0,280,1353.587105034144,0.5963749999864376,17235.57670900027,92.94987056494594
1788458344,200,,Aggregated,78.400000,0.000000,140,3200,3500,4500,6000,6200,6300,6300,6400,6400,6400,32835,0,280,1353.587105034144,0.5963749999864376,17235.57670900027,92.94987056494594
1788458345,200,POST,/predict,78.400000,0.000000,140,3200,3500,4500,6000,6200,6300,6300,6400,6400,6400,32835,0,280,1353.587105034144,0.5963749999864376,17235.57670900027,92.94987056494594
1788458345,200,,Aggregated,78.400000,0.000000,140,3200,3500,4500,6000,6200,6300,6300,6400,6400,6400,32835,0,280,1353.587105034144,0.5963749999864376,17235.57670900027,92.94987056494594
1788458346,200,POST,/predict,78.400000,0.000000,140,3200,3500,4500,6000,6200,6300,6300,6400,6400,6400,32835,0,280,1353.587105034144,0.5963749999864376,17235.57670900027,92.94987056494594
1788458346,200,,Aggregated,78.400000,0.000000,140,3200,3500,4500,6000,6200,6300,6300,6400,6400,6400,32835,0,280,1353.587105034144,0.5963749999864376,17235.57670900027,92.94987056494594
1788458347,200,POST,/predict,86.100000,0.000000,120,3000,4500,4800,6000,6200,6300,6300,6400,6400,6400,33291,0,280,1358.1591284389513,0.5963749999864376,17235.57670900027,92.94872488059836
1788458347,200,,Aggregated,86.100000,0.000000,120,3000,4500,4800,6000,6200,6300,6300,6400,6400,6400,33291,0,280,1358.1591284389513,0.5963749999864376,17235.57670900027,92.94872488059836
1788458348,200,POST,/predict,86.100000,0.000000,120,3000,4500,4800,6000,6200,6300,6300,6400,6400,6400,33291,0,280,1358.1591284389513,0.5963749999864376,17235.57670900027,92.94872488059836
1788458348,200,,Aggregated,86.100000,0.000000,120,3000,4500,4800,6000,6200,6300,6300,6400,6400,6400,33291,0,280,1358.1591284389513,0.5963749999864376,17235.57670900027,92.94872488059836
1788458349,200,POST,/predict,86.100000,0.000000,120,3000,4800,5000,6100,6200,6300,6300,6400,6400,6400,33291,0,280,1358.1591284389513,0.5963749999864376,17235.57670900027,92.94872488059836
1788458349,200,,Aggregated,86.100000,0.000000,120,3000,4800,5000,6100,6200,6300,6300,6400,6400,6400,33291,0,280,1358.1591284389513,0.5963749999864376,17235.57670900027,92.94872488059836
1788458350,200,POST,/predict,95.700000,0.000000,2400,2800,2900,4400,5200,6100,6300,6300,6400,6400,6400,33737,0,280,1358.906574810953,0.5963749999864376,17235.57670900027,92.94907668138839
1788458350,200,,Aggregated,95.700000,0.000000,2400,2800,2900,4400,5200,6100,6300,6300,6400,6400,6400,33737,0,280,1358.906574810953,0.5963749999864376,17235.57670900027,92.94907668138839
1788458351,200,POST,/predict,95.700000,0.000000,2400,2800,2900,4400,5200,6100,6300,6300,6400,6400,6400,33737,0,280,1358.906574810953,0.5963749999864376,17235.57670900027,92.94907668138839
1788458351,200,,Aggregated,95.700000,0.000000,2400,2800,2900,4400,5200,6100,6300,6300,6400,6400,6400,33737,0,280,1358.906574810953,0.5963749999864376,17235.57670900027,92.94907668138839
1788458352,200,POST,/predict,95.700000,0.000000,110,2800,2900,2900,5100,6100,6200,6300,6400,6400,6400,33737,0,280,1358.906574810953,0.5963749999864376,17235.57670900027,92.94907668138839
1788458352,200,,Aggregated,95.700000,0.000000,110,2800,2900,2900,5100,6100,6200,6300,6400,6400,6400,33737,0,280,1358.906574810953,0.5963749999864376,17235.57670900027,92.94907668138839
1788458353,200,POST,/predict,115.100000,0.000000,130,2600,2800,2900,4700,6000,6200,6300,6400,6400,6400,34158,0,280,1356.6736892730285,0.5963749999864376,17235.57670900027,92.94847473505475
1788458353,200,,Aggregated,115.100000,0.000000,130,2600,2800,2900,4700,6000,6200,6300,6400,6400,6400,34158,0,280,1356.6736892730285,0.5963749999864376,17235.57670900027,92.94847473505475
1788458355,0,POST,/predict,115.100000,0.000000,130,2600,2800,2900,4700,6000,6200,6300,6400,6400,6400,34158,0,280,1356.6736892730285,0.5963749999864376,17235.57670900027,92.94847473505475
1788458355,0,,Aggregated,115.100000,0.000000,130,2600,2800,2900,4700,6000,6200,6300,6400,6400,6400,34158,0,280,1356.6736892730285,0.5963749999864376,17235.57670900027,92.94847473505475
1788458356,0,POST,/predict,115.100000,0.000000,150,2600,2600,2800,2900,3000,5000,5200,5200,5200,5200,34158,0,280,1356.6736892730285,0.5963749999864376,17235.57670900027,92.94847473505475
1788458356,0,,Aggregated,115.100000,0.000000,150,2600,2600,2800,2900,3000,5000,5200,5200,5200,5200,34158,0,280,1356.6736892730285,0.5963749999864376,17235.57670900027,92.94847473505475
